Brand,Vehicle,Year, Value ,Collection,Rarity,PI,Owned
Abarth,595 esseesse ,1968," 35,000 ",Autoshow,COMMON,D 100,
Abarth,Fiat 131 ,1980," 250,000 ","""Hard to Find""",COMMON,C 510,0
Abarth,695 Biposto ,2016," 250,000 ","""Hard to Find""",COMMON,B 657,0
Abarth,124 Spider ,2017," 250,000 ","""Hard to Find""",COMMON,C 562,
Acura,Integra Type-R ,2001," 25,000 ",Autoshow,COMMON,C 596,
Acura,RSX Type-S ,2002," 25,000 ",Autoshow,COMMON,C 585,
Acura,NSX ,2017," 170,000 ",Autoshow,RARE,S1 831,
Alfa Romeo,Giulia Sprint GTA Stradale ,1965," 300,000 ",Autoshow,RARE,D 486,
Alfa Romeo,Giulia TZ2 ,1965," 4,000,000 ",Autoshow,LEGENDARY,B 641,0
Alfa Romeo,33 Stradale ,1968," 15,000,000 ",Autoshow,LEGENDARY,A 707,0
Alfa Romeo,155 Q4 ,1992," 250,000 ","""Hard to Find""",COMMON,C 561,
Alfa Romeo,8C Competizione ,2007," 300,000 ","""Hard to Find""",EPIC,A 755,1
Alfa Romeo,4C ,2014," 250,000 ","""Hard to Find""",RARE,A 755,0
Alfa Romeo,Giulia Quadrifoglio ,2017," 120,000 ",Autoshow,RARE,A 775,
Alpine,A110 1600s ,1973," 98,000 ",Autoshow,RARE,C 550,
Alpine,A110 ,2017," 67,500 ",Wheelspin,EPIC,B 694,
Alumicraft,Class 10 Race Car ,2015," 300,000 ","Autoshow, Wheelspin",EPIC,B 642,
Alumicraft,#122 Class 1 Buggy ,2021," 300,000 ","Grit Reapers: Win ""Desafío"", Autoshow (DLC: Rally Adventure)",EPIC,B 689,
Alumicraft,#6165 Trick Truck ,2022," 500,000 ","Horizon Raptors: Win all Horizon Raptors events, Autoshow (DLC: Rally Adventure)",EPIC,C 596,
AMC,"Rebel ""The Machine"" ",1970," 250,000 ","""Hard to Find""",RARE,C 531,
AMC,Javelin AMX ,1971," 250,000 ","""Hard to Find""",RARE,D 493,
AMC,Gremlin X ,1973," 35,000 ","Autoshow, Wheelspin",COMMON,D 403,
AMG Transport Dynamics,M12S Warthog CST ,2554," 850,000 ","Autoshow, Wheelspin",LEGENDARY,A 719,
Apollo,Intensa Emozione ,2018," 1,500,000 ","Autoshow, Wheelspin",LEGENDARY,S2 963,
Apollo,"Intensa Emozione ""Welcome Pack"" ",2018," 1,500,000 ",Autoshow (DLC: Welcome Pack),COMMON,S2 998,
Ariel,Atom 500 V8 ,2013," 200,000 ","Autoshow, Wheelspin",EPIC,S2 924,
Ariel,Nomad ,2016," 93,000 ","Autoshow, Wheelspin",RARE,A 711,
Ascari,KZ1R ,2012," 250,000 ","""Hard to Find""",EPIC,S1 829,1
Aston Martin,DBR1 ,1958," 22,500,000 ",Autoshow,LEGENDARY,B 678,0
Aston Martin,DB5 ,1964," 800,000 ","Autoshow, Wheelspin",EPIC,C 548,
Aston Martin,Lagonda ,1990," 250,000 ","""Hard to Find""",RARE,C 502,0
Aston Martin,DBS ,2008," 325,000 ","""Hard to Find""",EPIC,A 746,1
Aston Martin,One-77 ,2010," 1,400,000 ",Autoshow,LEGENDARY,S1 843,
Aston Martin,V12 Vantage S ,2013," 240,000 ","Autoshow, Wheelspin",EPIC,A 796,
Aston Martin,Vantage GT12 ,2016," 400,000 ","""The Levels Advocate"" accolade",EPIC,S1 829,
Aston Martin,DB11 ,2017," 300,000 ","Autoshow, Wheelspin",EPIC,A 787,
Aston Martin,Vanquish Zagato Coupé ,2017," 660,000 ","""Hard to Find""",EPIC,S1 803,
Aston Martin,Vulcan AMR Pro ,2017," 2,000,000 ","Autoshow, Wheelspin, ""Humble Brag"" accolade",LEGENDARY,S2 953,
Aston Martin,DBS Superleggera ,2019," 350,000 ","Autoshow, Wheelspin",EPIC,S1 835,
Aston Martin,Valhalla Concept Car ,2019," 1,150,000 ","Autoshow, Wheelspin",LEGENDARY,S2 959,
Aston Martin,Vantage ,2019," 430,000 ","Autoshow, Wheelspin",EPIC,S1 801,
Aston Martin,DBX ,2021," 200,000 ",Autoshow (DLC: Car Pass),RARE,A 732,
Aston Martin,Valkyrie AMR Pro ,2022," 4,210,000 ","""Hard to Find""",LEGENDARY,S2 998,
Aston Martin,Valkyrie ,2023," 3,250,000 ","""Hard to Find""",LEGENDARY,S2 978,
ATS,GT ,2018," 850,000 ","""Hard to Find""",EPIC,S1 877,1
Audi,Sport quattro ,1983," 175,000 ","Autoshow, Wheelspin, ""Rally Hard"" accolade",EPIC,B 638,
Audi,#2 Audi Sport quattro S1 ,1986," 375,000 ","Grit Reapers: Win ""Reserva del Carrizo"", Autoshow (DLC: Rally Adventure)",LEGENDARY,S1 827,
Audi,Avant RS2 ,1995," 50,000 ","Autoshow, Wheelspin",COMMON,B 601,
Audi,RS 4 Avant ,2001," 94,000 ","Autoshow, Wheelspin",COMMON,B 663,
Audi,RS 6 ,2003," 105,000 ","Autoshow, Wheelspin",RARE,B 677,
Audi,RS 4 ,2006," 53,000 ","Autoshow, Wheelspin",RARE,A 710,
Audi,RS 6 ,2009," 155,000 ","Autoshow, Wheelspin",EPIC,A 722,
Audi,TT RS Coupé ,2010," 66,000 ","Autoshow, Wheelspin",RARE,A 707,
Audi,RS 3 Sportback ,2011," 42,000 ","Autoshow, Wheelspin",COMMON,B 682,
Audi,RS 5 Coupé ,2011," 88,000 ","Autoshow, Wheelspin",RARE,A 733,
Audi,R8 Coupé V10 plus 5.2 FSI quattro ,2013," 290,000 ",Wheelspin,EPIC,S1 802,
Audi,RS 4 Avant ,2013," 83,000 ","Autoshow, Wheelspin",RARE,A 728,
Audi,RS 7 Sportback ,2013," 225,000 ","Autoshow, Wheelspin",EPIC,A 739,
Audi,RS 6 Avant ,2015," 150,000 ","Autoshow, Wheelspin, ""Mega Master"" accolade",RARE,A 754,
Audi,S1 ,2015," 35,000 ","Autoshow, Wheelspin",COMMON,B 644,
Audi,TTS Coupé ,2015," 52,000 ","Autoshow, Wheelspin",COMMON,A 724,
Audi,R8 V10 plus ,2016," 242,000 ","Autoshow, Wheelspin",EPIC,S1 834,
Audi,RS 4 Avant ,2018," 250,000 ","""Hard to Find""",RARE,A 751,
Audi,RS 5 Coupé ,2018," 95,000 ",Autoshow (DLC: Car Pass),RARE,A 750,
Audi,TT RS ,2018," 75,000 ",Autoshow (DLC: Car Pass),RARE,A 748,
Audi,RS 3 Sedan ,2020," 60,000 ",Autoshow (DLC: Car Pass),RARE,A 734,
Audi,TT RS Coupe ,2020," 250,000 ","""Hard to Find""",RARE,A 765,0
Audi,RS 6 Avant ,2021," 250,000 ","""Hard to Find""",RARE,A 763,0
Audi,RS 7 Sportback ,2021," 250,000 ","""Hard to Find""",RARE,A 768,0
Audi,RS e-tron GT ,2021," 250,000 ","""Hard to Find""",EPIC,A 770,
Austin-Healey,Sprite MkI ,1958," 20,000 ","Autoshow, Wheelspin",COMMON,D 131,
Auto Union,Type D ,1939," 15,000,000 ","Autoshow, ""Fairy Tale Ending"" accolade",LEGENDARY,B 675,0
Automobili Pininfarina,Battista ,2020," 2,500,000 ",Autoshow (DLC: European Automotive Car Pack),LEGENDARY,S2 928,-
Autozam,AZ-1 ,1993," 25,000 ",Autoshow (DLC: JDM Jewels Car Pack),RARE,D 450,
BAC,Mono ,2014," 160,000 ","Wheelspin, ""Wanderer"" accolade",EPIC,S1 868,
Bentley,8 Litre ,1930," 1,500,000 ","Autoshow, Wheelspin",LEGENDARY,D 181,
Bentley,Blower 4-1/2 Litre Supercharged ,1931," 4,000,000 ","Autoshow, Wheelspin",LEGENDARY,D 207,0
Bentley,Turbo R ,1991," 250,000 ","""Hard to Find""",RARE,C 543,
Bentley,Bentayga ,2016," 180,000 ","Autoshow, Wheelspin",EPIC,A 727,
Bentley,Continental Supersports ,2017," 200,000 ","Autoshow, Wheelspin",EPIC,A 769,
Bentley,Continental GT Convertible ,2021," 300,000 ",Autoshow (DLC: European Automotive Car Pack),RARE,A 759,-
Bentley,Flying Spur ,2021," 350,000 ","""Hard to Find""",EPIC,A 719,
BMW,Isetta 300 Export ,1957," 45,000 ","Autoshow, Wheelspin",COMMON,D 100,
BMW,2002 Turbo ,1973," 26,000 ",Barn find,LEGENDARY,C 531,
BMW,M1 ,1981," 585,000 ","Autoshow, Wheelspin",EPIC,B 629,
BMW,M635CSi ,1986," 250,000 ","""Hard to Find""",COMMON,C 589,0
BMW,M5 ,1988," 54,000 ","Autoshow, Wheelspin",RARE,C 583,
BMW,M3 ,1991," 70,000 ","Autoshow, Wheelspin",RARE,C 583,
BMW,850CSi ,1995," 250,000 ","""Hard to Find""",RARE,B 610,0
BMW,M5 ,1995," 25,000 ","Autoshow, Wheelspin, ""'C' Class Elite"" accolade",RARE,B 634,
BMW,M3 ,1997," 35,000 ","Autoshow, Wheelspin",COMMON,B 665,
BMW,M3-GTR ,2002," 180,000 ","Autoshow, Wheelspin",EPIC,A 747,
BMW,Z3 M Coupe ,2002," 30,000 ","Autoshow, Wheelspin",COMMON,B 675,
BMW,M5 ,2003," 30,000 ","Autoshow, Wheelspin",COMMON,B 694,
BMW,M3 ,2005," 33,000 ","Autoshow, Wheelspin",COMMON,B 675,
BMW,M3 ,2008," 48,000 ","Autoshow, Wheelspin",COMMON,A 725,
BMW,Z4 M Coupe ,2008," 82,000 ","Autoshow, Wheelspin",COMMON,B 694,
BMW,M5 ,2009," 90,000 ","Autoshow, Wheelspin",RARE,A 719,
BMW,M3 GTS ,2010," 250,000 ","""Hard to Find""",EPIC,A 794,0
BMW,1 Series M Coupe ,2011," 55,000 ","Autoshow, Wheelspin",RARE,A 712,
BMW,X5 M ,2011," 100,000 ","Autoshow, Wheelspin",COMMON,B 666,
BMW,X5 M Forza Edition ,2011," 500,000 ",Gifted (DLC: VIP Membership),FORZA EDITION,S2 998,
BMW,M5 ,2012," 112,000 ","Autoshow, Wheelspin",RARE,A 766,
BMW,M6 Coupe ,2013," 120,000 ","Autoshow, Wheelspin",RARE,A 758,
BMW,M4 Coupé ,2014," 92,000 ","Autoshow, Wheelspin",RARE,A 782,
BMW,i8 ,2015," 140,000 ",Autoshow,RARE,A 764,
BMW,X6 M ,2015," 130,000 ",Wheelspin,EPIC,B 687,0
BMW,M2 Coupé ,2016," 69,000 ","Autoshow, Wheelspin",COMMON,A 718,
BMW,M4 GTS ,2016," 135,000 ",Car Collector: BMW,EPIC,S1 814,
BMW,#1 M Motorsport M8 GTE ,2018," 313,000 ",Autoshow (DLC: Apex Allstars Car Pack),RARE,S2 910,-
BMW,M5 ,2018," 105,000 ","Autoshow, Wheelspin",RARE,A 784,
BMW,Z4 ,2019," 35,000 ","Autoshow, Wheelspin",COMMON,A 751,
BMW,M8 Competition Coupe ,2020," 175,000 ",Autoshow (DLC: Car Pass),RARE,A 791,
BMW,M3 Competition Sedan ,2021," 250,000 ","""Hard to Find""",RARE,A 772,0
BMW,M4 Competition Coupé ,2021," 250,000 ","""Hard to Find""",RARE,A 778,0
BMW,i4 eDrive40 ,2022," 250,000 ","""Hard to Find""",RARE,B 633,0
BMW,iX xDrive50 ,2022," 250,000 ","""Hard to Find""",RARE,A 703,0
BMW,M5 CS ,2022," 250,000 ","""Hard to Find""",RARE,S1 827,0
BMW,M2 ,2023," 250,000 ","""Hard to Find""",RARE,A 762,
Brabham,BT62 ,2019," 1,500,000 ","HW Academy: ""Double Trouble"", Autoshow (DLC: Hot Wheels)",LEGENDARY,S2 974,0
Bugatti,Type 35 C ,1926," 1,300,000 ","Autoshow, Wheelspin",LEGENDARY,D 285,
Bugatti,EB110 Super Sport ,1992," 1,700,000 ","Autoshow, Wheelspin",LEGENDARY,S1 805,
Bugatti,Veyron Super Sport ,2011," 2,200,000 ","Autoshow, ""Like a Boss"" accolade",LEGENDARY,S2 913,
Bugatti,Chiron ,2018," 2,400,000 ","Autoshow, Wheelspin",LEGENDARY,S2 927,0
Bugatti,Divo ,2019," 3,000,000 ","Autoshow, Wheelspin",LEGENDARY,S2 958,
Buick,GSX ,1970," 80,000 ","Autoshow, Wheelspin",RARE,C 558,
Buick,Regal GNX ,1987," 130,000 ","Autoshow, Wheelspin",RARE,C 564,
Cadillac,XTS Limousine ,2013," 250,000 ","""Hard to Find""",RARE,D 492,
Cadillac,CTS-V Sport Wagon ,2014," 250,000 ","""Hard to Find""",RARE,A 724,0
Cadillac,#3 Cadillac Racing ATS-V.R ,2015," 308,000 ",Autoshow (DLC: Apex Allstars Car Pack),RARE,S1 890,-
Cadillac,ATS-V ,2016," 65,000 ","Autoshow, Wheelspin",COMMON,A 716,
Cadillac,CTS-V Sedan ,2016," 80,000 ","Autoshow, Wheelspin, ""Going the Extra Mile"" accolade",COMMON,A 761,
Cadillac,CT4-V Blackwing ,2022," 250,000 ","""Hard to Find""",RARE,A 760,
Cadillac,CT5-V Blackwing ,2022," 250,000 ","""Hard to Find""",RARE,A 799,1
Can-Am,Maverick X RS Turbo R ,2018," 25,000 ","Autoshow, Wheelspin",COMMON,B 607,
Casey Currie Motorsports,#4402 Ultra 4 'Trophy Jeep' ,2019," 500,000 ","Horizon Raptors: Win ""Forest Trail"", Autoshow (DLC: Rally Adventure)",EPIC,A 745,
Caterham,Superlight R500 ,2013," 82,000 ","Autoshow, Wheelspin",RARE,A 786,
Chevrolet,Corvette ,1953," 210,000 ",Barn find,LEGENDARY,D 366,
Chevrolet,Corvette Forza Edition ,1953," 500,000 ",Wheelspin,FORZA EDITION,A 800,
Chevrolet,150 Utility Sedan ,1955," 35,000 ","Autoshow, Wheelspin",COMMON,D 360,
Chevrolet,"""Barbie Movie"" Corvette EV ",1956," 250,000 ",Autoshow,EPIC,B 658,
Chevrolet,Bel Air ,1957," 130,000 ","Autoshow, Wheelspin",RARE,D 432,
Chevrolet,Corvette ,1960," 210,000 ",Car Collector: Chevrolet,EPIC,C 541,
Chevrolet,Impala Super Sport 409 ,1964," 46,000 ","Autoshow, Wheelspin",COMMON,C 544,
Chevrolet,Nova Super Sport ,1966," 250,000 ","""Hard to Find""",COMMON,C 554,0
Chevrolet,Corvette Stingray 427 ,1967," 150,000 ","Autoshow, Wheelspin",EPIC,B 623,
Chevrolet,Camaro Jordan Luka 3 Motorsport Edition ,1969," 1,000,000 ",Gifted (Promotional: Jordan Luka 3),FORZA EDITION,A 800,
Chevrolet,Camaro Super Sport Coupe ,1969," 110,000 ","Autoshow, Wheelspin",RARE,C 585,
Chevrolet,Nova Super Sport 396 ,1969," 47,000 ","Autoshow, Wheelspin, ""Getting Sidetracked"" accolade",COMMON,C 545,
Chevrolet,Camaro Z28 ,1970," 53,000 ","Autoshow, Wheelspin",RARE,C 539,
Chevrolet,Chevelle Super Sport 454 ,1970," 80,000 ","Autoshow, Wheelspin",RARE,C 531,
Chevrolet,Corvette ZR-1 ,1970," 310,000 ",Wheelspin,EPIC,B 610,
Chevrolet,El Camino Super Sport 454 ,1970," 65,000 ","Autoshow, ""Sidney Wolverstone, I presume"" accolade",RARE,C 544,
Chevrolet,K-10 Custom ,1972," 250,000 ","""Hard to Find""",COMMON,D 369,0
Chevrolet,Camaro Z28 ,1979," 35,000 ","Autoshow, Wheelspin",RARE,D 466,
Chevrolet,Monte Carlo Super Sport ,1988," 25,000 ","Autoshow, Wheelspin",COMMON,D 396,
Chevrolet,Corvette ZR-1 ,1995," 45,000 ","Autoshow, Wheelspin",COMMON,B 693,
Chevrolet,Impala Super Sport ,1996," 20,000 ","Autoshow, Wheelspin",COMMON,C 509,
Chevrolet,Corvette Z06 ,2002," 35,000 ","Autoshow, Wheelspin",COMMON,A 722,
Chevrolet,Corvette ZR1 ,2009," 125,000 ","Autoshow, Wheelspin",RARE,S1 809,
Chevrolet,Summit Racing Pro Stock Camaro ,2013," 300,000 ","""Hard to Find""",LEGENDARY,S2 919,
Chevrolet,Camaro Z/28 ,2015," 86,000 ","Autoshow, Wheelspin",RARE,A 797,
Chevrolet,Corvette Z06 ,2015," 110,000 ","Autoshow, Wheelspin",RARE,S1 852,
Chevrolet,Camaro ZL1 ,2017," 60,000 ","Autoshow, Wheelspin",RARE,S1 821,
Chevrolet,Colorado ZR2 ,2017," 46,000 ","Autoshow, Wheelspin",COMMON,C 530,
Chevrolet,Camaro ZL1 1LE ,2018," 105,000 ","Autoshow, Wheelspin",RARE,S1 824,
Chevrolet,Hot Wheels COPO Camaro ,2018," 205,000 ","HW Academy: ""Outside, Inside"", Autoshow (DLC: Hot Wheels)",RARE,S1 867,
Chevrolet,Corvette ZR1 ,2019," 255,000 ","""Millionaire"" accolade",EPIC,S1 871,
Chevrolet,#3 Corvette Racing C8.R ,2020," 650,000 ",Autoshow (DLC: Apex Allstars Car Pack),EPIC,S2 910,-
Chevrolet,Corvette Stingray Coupé ,2020," 65,000 ",Autoshow,RARE,S1 806,
Chevrolet,Silverado LT Trail Boss ,2020," 75,000 ",Autoshow (DLC: American Automotive Car Pack),RARE,C 561,-
Chevrolet,Corvette Z06 ,2023," 250,000 ","""Hard to Find""",EPIC,S1 855,0
Chevrolet,Corvette E-Ray ,2024," 181,000 ",Autoshow,EPIC,S1 834,
Citroën,BX 4TC ,1986," 250,000 ","""Hard to Find""",EPIC,C 567,0
CUPRA,Formentor VZ5 ,2021," 70,000 ","Autoshow, Gifted (Promotional: ""Explore the Horizon"")",EPIC,A 740,
CUPRA,Tavascan Concept ,2022," 50,000 ","Autoshow, Gifted (Promotional: ""Explore the Horizon"")",EPIC,B 677,
CUPRA,UrbanRebel Concept ,2022," 2,000,000 ",Autoshow,RARE,S1 854,
Czinger,21C ,2024," 2,000,000 ",Autoshow (DLC: American Automotive Car Pack),EPIC,S2 998,-
Datsun,510,1970," 25,000 ","Autoshow, Wheelspin",COMMON,D 264,
DeBerti,Ford Econoline 'Shop Rod' ,1961," 200,000 ",Autoshow (DLC: American Automotive Car Pack),RARE,A 799,-
DeBerti,Chevrolet C10 'Slayer' ,1965," 250,000 ","""Hard to Find""",RARE,S1 802,0
DeBerti,Wrangler Unlimited ,2013," 200,000 ",Car Mastery: 2012 Jeep Wrangler Rubicon,EPIC,A 749,
DeBerti,Chevrolet Silverado 1500 Drift Truck ,2018," 300,000 ","Autoshow, Wheelspin",EPIC,A 798,
DeBerti,F-150 Prerunner ,2018," 250,000 ","Autoshow, Wheelspin, ""Extreme Activity"" accolade",EPIC,B 691,
DeBerti,Ford Mustang GT ,2018," 500,000 ","""Hard to Find""",EPIC,S1 824,0
DeBerti,Ford Super Duty F-250 Lariat 'Transformer' ,2019," 250,000 ","""Hard to Find""",EPIC,B 665,0
DeBerti,"Toyota Tacoma TRD ""The Performance Truck"" ",2019," 500,000 ",Autoshow,COMMON,S1 836,
DeLorean,DMC-12 ,1982," 15,000 ","""Hard to Find""",LEGENDARY,D 464,
Dodge,Dart HEMI Super Stock ,1968," 300,000 ",Barn find,LEGENDARY,B 650,
Dodge,Charger Daytona HEMI ,1969," 900,000 ",Car Mastery: 1969 Dodge Charger R/T,EPIC,C 595,
Dodge,Charger R/T ,1969," 103,000 ","Autoshow, Wheelspin, ""Long Gone"" accolade",RARE,C 548,
Dodge,Charger R/T Forza Edition ,1969," 70,000 ",Gifted (DLC: VIP Membership),FORZA EDITION,S1 900,
Dodge,Challenger R/T ,1970," 210,000 ","Autoshow, Wheelspin",EPIC,C 551,
Dodge,Coronet Super Bee ,1970," 250,000 ","""Hard to Find""",RARE,C 566,
Dodge,Viper GTS ACR ,1999," 75,000 ",Barn find,LEGENDARY,A 717,
Dodge,Magnum SRT-8 ,2008," 35,000 ",Autoshow (DLC: Car Pass),RARE,B 669,
Dodge,Viper SRT10 ACR ,2008," 90,000 ","Autoshow, Wheelspin",RARE,S1 844,
Dodge,SRT Viper GTS ,2013," 95,000 ","Autoshow, Wheelspin",RARE,S1 813,
Dodge,SRT Viper GTS Anniversary Edition ,2013," 250,000 ","Horizon Story: Complete ""Horizon Origins""",ANNIVERSARY,S1 900,
Dodge,Challenger SRT Hellcat ,2015," 75,000 ","Autoshow, Wheelspin",RARE,A 755,
Dodge,Charger SRT Hellcat ,2015," 80,000 ","Autoshow, Wheelspin",RARE,A 762,
Dodge,Viper ACR ,2016," 150,000 ","Autoshow, ""Pedal to the Level"" accolade",EPIC,S1 873,
Dodge,Challenger SRT Demon ,2018," 150,000 ","Autoshow, Wheelspin",RARE,A 786,
Dodge,Durango SRT ,2018," 70,000 ","Autoshow, Wheelspin",COMMON,B 666,
Dodge,Durango SRT Hellcat ,2021," 250,000 ","""Hard to Find""",RARE,A 744,
Dodge,Challenger SRT Super Stock ,2022," 250,000 ","""Hard to Find""",RARE,S1 802,0
Donkervoort,D8 GTO ,2013," 250,000 ","""Hard to Find""",LEGENDARY,S1 814,0
DS,23,1975," 250,000 ","""Hard to Find""",COMMON,D 330,
Eagle,Speedster ,2012," 550,000 ","""Hard to Find""",LEGENDARY,A 723,
Elemental,RP1 ,2019," 150,000 ",Autoshow (DLC: Super Speed Car Pack),RARE,S1 867,-
Exomotive,Exocet Off-Road ,2018," 50,000 ","Autoshow, Wheelspin",RARE,B 682,
Exomotive,Exocet Off-Road Forza Edition ,2018," 500,000 ",Wheelspin,FORZA EDITION,A 800,
Extreme E,#125 ABT Cupra XE ,2022," 700,000 ","""Hard to Find""",RARE,A 748,0
Extreme E,#22 JBXE ,2022," 700,000 ","""Hard to Find""",RARE,A 748,0
Extreme E,#23 Genesys Andretti United ,2022," 700,000 ","""Hard to Find""",RARE,A 748,0
Extreme E,#42 XITE Racing Team ,2022," 700,000 ","""Hard to Find""",RARE,A 748,0
Extreme E,#44 X44 ,2022," 700,000 ","""Hard to Find""",RARE,A 748,0
Extreme E,#5 Veloce Racing ,2022," 700,000 ","""Hard to Find""",RARE,A 748,0
Extreme E,#55 ACCIONA | Sainz XE Team ,2022," 700,000 ","""Hard to Find""",RARE,A 748,0
Extreme E,#58 McLaren Racing ,2022," 700,000 ","""Hard to Find""",RARE,A 748,0
Extreme E,#6 Rosberg X Racing ,2022," 700,000 ","""Hard to Find""",RARE,A 748,0
Extreme E,#99 Chip Ganassi Racing GMC Hummer EV ,2022," 700,000 ",Autoshow,RARE,A 748,0
Fast and Furious,Chevrolet Impala Super Sport 'Fast X' ,1966," 300,000 ",Autoshow (DLC: Fast X Car Pack),LEGENDARY,S1 836,-
Fast and Furious,Dodge Charger 'Fast X' ,1970," 300,000 ",Autoshow (DLC: Fast X Car Pack),LEGENDARY,S1 855,-
Fast and Furious,Datsun 240Z 'Fast X' ,1973," 300,000 ",Autoshow (DLC: Fast X Car Pack),LEGENDARY,S1 838,-
Fast and Furious,Dodge Charger SRT Hellcat Redeye Widebody 'Fast X' ,2022," 120,000 ",Autoshow (DLC: Fast X Car Pack),LEGENDARY,S1 831,-
Fast and Furious,Flip Car 2.0 'Fast X' ,2022," 300,000 ",Autoshow (DLC: Fast X Car Pack),LEGENDARY,S1 815,-
Ferrari,250 California ,1957," 18,500,000 ","Autoshow, Wheelspin",LEGENDARY,C 564,
Ferrari,250 Testa Rossa ,1957," 16,400,000 ","Autoshow, Wheelspin",LEGENDARY,B 691,
Ferrari,250 GT Berlinetta Lusso ,1962," 2,600,000 ",Autoshow,LEGENDARY,C 590,0
Ferrari,250 GTO ,1962," 50,000,000 ",Barn find,LEGENDARY,B 612,
Ferrari,#24 Ferrari Spa 330 P4 ,1967," 9,000,000 ","Autoshow, Wheelspin",LEGENDARY,A 780,
Ferrari,365 GTB/4 ,1968," 600,000 ","Autoshow, Wheelspin",EPIC,B 637,
Ferrari,Dino 246 GT ,1969," 425,000 ",Wheelspin,EPIC,C 535,
Ferrari,512 S ,1970," 3,500,000 ",Autoshow,LEGENDARY,S1 861,
Ferrari,288 GTO ,1984," 3,500,000 ","Autoshow, Wheelspin",LEGENDARY,A 750,
Ferrari,F40 ,1987," 1,200,000 ","Autoshow, Wheelspin",LEGENDARY,A 784,0
Ferrari,F40 Competizione ,1989," 2,000,000 ",Barn find,LEGENDARY,S2 947,
Ferrari,512 TR ,1992," 270,000 ","""Hard to Find""",EPIC,A 733,0
Ferrari,F355 Berlinetta ,1994," 190,000 ","Autoshow, Wheelspin",EPIC,A 717,
Ferrari,F50 ,1995," 2,000,000 ","Autoshow, Wheelspin",LEGENDARY,A 789,0
Ferrari,F50 GT ,1996," 2,000,000 ","Autoshow, Wheelspin",LEGENDARY,S2 976,0
Ferrari,575M Maranello ,2002," 250,000 ","""Hard to Find""",EPIC,A 747,0
Ferrari,Enzo Ferrari ,2002," 2,800,000 ","Autoshow, Wheelspin",LEGENDARY,S1 857,
Ferrari,360 Challenge Stradale ,2003," 200,000 ","Wheelspin, ""Wheels of Experience"" accolade",EPIC,A 773,
Ferrari,FXX ,2005," 2,500,000 ","Autoshow, Wheelspin",LEGENDARY,S2 956,
Ferrari,430 Scuderia ,2007," 300,000 ","Autoshow, Wheelspin, ""'A' Class Elite"" accolade",EPIC,S1 810,
Ferrari,458 Italia ,2009," 225,000 ","Autoshow, Wheelspin",EPIC,S1 823,
Ferrari,599 GTO ,2010," 350,000 ","""Hard to Find""",EPIC,S1 828,0
Ferrari,599XX ,2010," 2,000,000 ",Autoshow,LEGENDARY,S2 924,
Ferrari,599XX Evolution ,2012," 2,600,000 ","Autoshow, Wheelspin",LEGENDARY,S2 952,0
Ferrari,458 Speciale ,2013," 340,000 ",Wheelspin,EPIC,S1 865,
Ferrari,LaFerrari ,2013," 1,500,000 ",Car Collector: Ferrari,LEGENDARY,S2 934,
Ferrari,California T ,2014," 250,000 ","""Hard to Find""",EPIC,A 784,0
Ferrari,FXX K ,2014," 2,700,000 ","Autoshow, Wheelspin",LEGENDARY,S2 979,0
Ferrari,488 GTB ,2015," 290,000 ","Autoshow, Wheelspin",EPIC,S1 863,
Ferrari,F12tdf ,2015," 500,000 ","Autoshow, Wheelspin",EPIC,S1 884,
Ferrari,#25 Corse Clienti 488 Challenge ,2017," 400,000 ",Autoshow (DLC: Car Pass),EPIC,S2 911,
Ferrari,812 Superfast ,2017," 350,000 ","Autoshow, Wheelspin",LEGENDARY,S1 878,
Ferrari,GTC4Lusso ,2017," 300,000 ","Wheelspin, ""Fastest Photographer in Mexico"" accolade",EPIC,S1 816,
Ferrari,J50 ,2017," 2,500,000 ",Autoshow (DLC: Car Pass),RARE,S1 857,
Ferrari,FXX-K Evo ,2018," 3,000,000 ",Autoshow (DLC: Car Pass),LEGENDARY,S2 998,
Ferrari,Portofino ,2018," 215,000 ","Autoshow, Wheelspin",EPIC,S1 814,
Ferrari,#62 Risi Competizione 488 GTE ,2019," 313,000 ",Autoshow (DLC: Apex Allstars Car Pack),RARE,S2 910,-
Ferrari,488 Pista ,2019," 320,000 ","Autoshow, Wheelspin",EPIC,S1 889,
Ferrari,F8 Tributo ,2019," 750,000 ","""Hard to Find""",LEGENDARY,S1 891,0
Ferrari,Monza SP2 ,2019," 2,000,000 ",Autoshow (DLC: Car Pass),LEGENDARY,S1 867,
Ferrari,Roma ,2020," 300,000 ",Autoshow (DLC: Italian Exotics Car Pack),EPIC,S1 830,-
Ferrari,SF90 Stradale ,2020," 750,000 ","""Hard to Find""",LEGENDARY,S2 915,0
Ferrari,296 GTB ,2022," 300,000 ",Autoshow (DLC: Italian Exotics Car Pack),EPIC,S1 892,-
FIAT,Dino 2.4 Coupe ,1969," 250,000 ","""Hard to Find""",RARE,D 498,0
FIAT,124 Sport Spider ,1980," 25,000 ",Autoshow,COMMON,D 288,
Ford,De Luxe Five-Window Coupe ,1932," 35,000 ","Autoshow, Wheelspin",COMMON,D 126,
Ford,De Luxe Five-Window Coupe Forza Edition ,1932," 294,000 ",Gifted (DLC: Forza Horizon 5 Limited Edition Xbox Controller),FORZA EDITION,A 800,-
Ford,De Luxe Coupe ,1940," 44,000 ","Autoshow, Wheelspin",COMMON,D 130,
Ford,Super Deluxe Station Wagon ,1946," 250,000 ","""Hard to Find""",COMMON,D 124,0
Ford,Anglia 105E ,1959," 20,000 ","Autoshow, Wheelspin",COMMON,D 100,
Ford,GT40 Mk I ,1964," 11,000,000 ",Car Collector: Ford,LEGENDARY,A 754,
Ford,F-100 ,1965," 36,000 ",Barn find,LEGENDARY,D 302,
Ford,Mustang GT Coupe ,1965," 46,000 ","Autoshow, Wheelspin",RARE,D 499,
Ford,Transit ,1965," 25,000 ","Autoshow, Wheelspin",COMMON,D 100,
Ford,#2 GT40 Mk II Le Mans ,1966," 11,000,000 ","Autoshow, Wheelspin",LEGENDARY,A 771,
Ford,Lotus Cortina ,1966," 50,000 ","Autoshow, Wheelspin",COMMON,D 389,
Ford,Racing Escort Mk1 ,1967," 500,000 ",Barn find,LEGENDARY,B 636,
Ford,Mustang GT 2+2 Fastback ,1968," 50,000 ",Barn find,LEGENDARY,D 498,
Ford,Mustang Boss 302 ,1969," 230,000 ","Autoshow, Wheelspin",RARE,C 581,
Ford,GT70 ,1970," 150,000 ","Autoshow, Wheelspin",RARE,B 671,
Ford,Mustang Mach 1 ,1971," 250,000 ",Midnight Battle #1,EPIC,C 546,
Ford,Falcon XA GT-HO ,1972," 80,000 ","Autoshow, Wheelspin, ""Playing My Part"" accolade",RARE,B 624,
Ford,Capri RS3100 ,1973," 55,000 ","Autoshow, Wheelspin",RARE,D 497,
Ford,Escort RS1600 ,1973," 73,000 ","Autoshow, Wheelspin",RARE,D 476,
Ford,XB Falcon GT ,1973," 250,000 ","""Hard to Find""",RARE,C 532,
Ford,Bronco ,1975," 38,000 ","Autoshow, Wheelspin",COMMON,D 421,
Ford,#5 Escort RS1800 MKII ,1977," 300,000 ","Autoshow, Wheelspin",EPIC,B 662,
Ford,Escort RS1800 ,1977," 88,000 ","Autoshow, Wheelspin",RARE,D 477,
Ford,Fiesta XR2 ,1981," 25,000 ",Wheelspin,EPIC,D 369,
Ford,RS200 Evolution ,1985," 260,000 ","Autoshow, Wheelspin",EPIC,S1 808,
Ford,Escort RS Turbo ,1986," 25,000 ","Autoshow, Wheelspin",COMMON,C 516,
Ford,F-150 XLT Lariat ,1986," 250,000 ","""Hard to Find""",COMMON,D 357,0
Ford,Mustang SVO ,1986," 15,000 ",Autoshow (DLC: Car Pass),COMMON,C 525,
Ford,Sierra Cosworth RS500 ,1987," 66,000 ","Autoshow, Wheelspin",RARE,B 604,
Ford,Escort RS Cosworth ,1992," 66,000 ","Autoshow, Wheelspin",RARE,C 565,
Ford,SVT Cobra R ,1993," 28,000 ","Autoshow, Wheelspin",COMMON,C 539,
Ford,Supervan 3 ,1994," 500,000 ","Autoshow, Wheelspin",EPIC,S1 820,
Ford,Supervan 3 'Donut Media Edition' ,1994," 500,000 ","""Under 3 Minutes or it's Free!"" accolade",DONUT EDITION,S1 900,
Ford,Mustang SVT Cobra R ,1995," 250,000 ","""Hard to Find""",COMMON,B 625,0
Ford,Racing Puma ,1999," 20,000 ","Autoshow, Wheelspin",RARE,C 514,
Ford,Racing Puma Forza Edition ,1999," 500,000 ",Gifted (DLC: VIP Membership),FORZA EDITION,S1 900,
Ford,SVT Cobra R ,2000," 55,000 ","Autoshow, Wheelspin",COMMON,B 648,
Ford,#4 Ford Focus RS ,2001," 200,000 ","Expedition: ""Horizon Badlands Expedition"", Autoshow (DLC: Rally Adventure)",RARE,A 749,
Ford,F-150 SVT Lightning ,2003," 20,000 ",Autoshow (DLC: Car Pass),COMMON,C 585,
Ford,Focus RS ,2003," 30,000 ","Autoshow, Wheelspin",COMMON,C 593,
Ford,Mustang SVT Cobra ,2003," 250,000 ","""Hard to Find""",COMMON,B 639,0
Ford,GT ,2005," 300,000 ",Wheelspin,EPIC,A 786,
Ford,Focus RS ,2009," 25,000 ","Autoshow, Wheelspin",COMMON,B 660,
Ford,Crown Victoria Police Interceptor ,2010," 25,000 ","Autoshow, Wheelspin",COMMON,D 462,
Ford,F-150 SVT Raptor ,2011," 42,000 ","Autoshow, Wheelspin",RARE,C 518,
Ford,Transit SuperSportVan ,2011," 50,000 ","Autoshow, Wheelspin",RARE,D 347,
Ford,Shelby GT500 ,2013," 115,000 ","Autoshow, Wheelspin",RARE,A 756,
Ford,#11 Rockstar F-150 Trophy Truck ,2014," 500,000 ","Autoshow, Wheelspin",EPIC,A 731,0
Ford,Fiesta ST ,2014," 25,000 ","Autoshow, Wheelspin",COMMON,B 607,
Ford,FPV Limited Edition Pursuit Ute ,2014," 50,000 ","Autoshow, Wheelspin",COMMON,B 685,
Ford,Ranger T6 Rally Raid ,2014," 250,000 ","Autoshow, Wheelspin, ""Success Kid"" accolade",EPIC,B 643,
Ford,Falcon GT F 351 ,2015," 60,000 ","Autoshow, Wheelspin",COMMON,A 718,
Ford,#66 GTLM Le Mans ,2016," 650,000 ","""Hard to Find""",EPIC,S2 910,
Ford,Shelby GT350R ,2016," 75,000 ","Autoshow, Wheelspin",RARE,S1 815,
Ford,#14 Rahal Letterman Lanigan Racing GRC Fiesta ,2017," 500,000 ",Wheelspin,EPIC,S1 860,
Ford,"#25 ""Brocky"" Ultra4 Bronco RTR ",2017," 500,000 ",Autoshow,EPIC,A 748,
Ford,F-150 Raptor ,2017," 63,000 ","Autoshow, Wheelspin",COMMON,C 559,
Ford,Focus RS ,2017," 59,000 ","Autoshow, Wheelspin, ""First Few Miles"" accolade",EPIC,A 702,
Ford,GT ,2017," 400,000 ","Autoshow, ""To The Zoom!"" accolade",EPIC,S1 863,
Ford,GT 'OPI Edition' ,2017," 400,000 ",Gifted (Promotional: OPI),EPIC,S1 900,-
Ford,M-Sport Fiesta RS ,2017," 500,000 ","Autoshow, Wheelspin, ""Lucha de Carreteras!"" accolade",EPIC,S1 808,
Ford,#25 Mustang RTR ,2018," 500,000 ","Autoshow, Wheelspin",EPIC,S1 834,0
Ford,#88 Mustang RTR ,2018," 500,000 ","Autoshow, Wheelspin",EPIC,S1 834,0
Ford,Mustang GT ,2018," 40,000 ","Autoshow, Wheelspin",COMMON,A 756,
Ford,Mustang RTR Spec 5 ,2018," 105,000 ","Autoshow, Wheelspin",RARE,A 757,
Ford,Ranger Raptor ,2019," 58,000 ",Wheelspin,EPIC,D 451,
Ford,"#2069 Ford Bronco R ""Welcome Pack"" ",2020," 250,000 ",Autoshow (DLC: Welcome Pack),COMMON,A 800,
Ford,#2069 Ford Performance Bronco R ,2020," 250,000 ","Autoshow, Wheelspin",EPIC,C 544,
Ford,Mustang Shelby GT500 ,2020," 100,000 ","Autoshow, ""'D' Class Elite"" accolade",RARE,S1 836,
Ford,Super Duty F-450 DRW Platinum ,2020," 70,000 ","Autoshow, Wheelspin",COMMON,D 466,
Ford,Bronco ,2021," 55,000 ",Autoshow,RARE,C 560,
Ford,Mustang Mach-E 1400 ,2021," 750,000 ","Horizon Story: Complete ""Drift Club Mexico""",LEGENDARY,S1 900,
Ford,Bronco Raptor ,2022," 250,000 ","""Dedication to the Cause"" accolade",EPIC,C 588,0
Ford,F-150 Lightning Platinum ,2022," 100,000 ","Grit Reapers: Win ""Horizon Badlands Goliath"", Autoshow (DLC: Rally Adventure)",EPIC,B 607,
Ford,Focus ST ,2022," 250,000 ","""Hard to Find""",COMMON,A 707,
Ford,Supervan 4 ,2022," 2,000,000 ",Autoshow (DLC: Acceleration Car Pack),EPIC,S2 953,-
Ford,F-150 Raptor R ,2023," 250,000 ","""Hard to Find""",EPIC,B 689,0
Ford,Fiesta ST ,2023," 250,000 ","""Hard to Find""",COMMON,B 615,
Ford,Mustang Dark Horse ,2024," 250,000 ","""Hard to Find""",EPIC,A 772,
Ford,Mustang GT ,2024," 250,000 ","""Hard to Find""",EPIC,A 739,0
Formula Drift,#98 BMW 325i ,1989," 300,000 ","Autoshow, Wheelspin",EPIC,S1 813,
Formula Drift,#34 Toyota Supra MkIV ,1995," 300,000 ",Autoshow (DLC: Formula Drift Pack),EPIC,S1 845,
Formula Drift,#51 Donut Media Nissan 240SX ,1996," 250,000 ","""Sweet Drift"" accolade",EPIC,S1 822,
Formula Drift,#777 Nissan 240SX ,1997," 300,000 ","Autoshow, Wheelspin, ""The Plot Thickens"" accolade",EPIC,S1 826,
Formula Drift,#43 Dodge Viper SRT10 ,2006," 300,000 ","Autoshow, Wheelspin, ""Drift Royalty"" accolade",EPIC,S1 826,
Formula Drift,#117 599 GTB Fiorano ,2007," 500,000 ","Autoshow, Wheelspin",EPIC,S1 852,
Formula Drift,#99 Mazda RX-8 ,2009," 300,000 ",Autoshow (DLC: Formula Drift Pack),EPIC,S1 829,
Formula Drift,#777 Chevrolet Corvette ,2013," 300,000 ","Autoshow, Wheelspin",EPIC,S1 848,
Formula Drift,#13 Ford Mustang ,2015," 300,000 ","Autoshow, Wheelspin",EPIC,S1 825,
Formula Drift,#530 HSV Maloo Gen-F ,2016," 300,000 ","Autoshow, Wheelspin",EPIC,S1 808,
Formula Drift,#357 Chevrolet Corvette Z06 ,2017," 150,000 ",Autoshow (DLC: Formula Drift Pack),EPIC,S1 835,
Formula Drift,#64 Nissan 370Z ,2018," 300,000 ","Autoshow, Wheelspin, ""Moar Skillz!"" accolade",EPIC,S1 843,
Formula Drift,#411 Toyota Corolla Hatchback ,2019," 300,000 ",Autoshow (DLC: Formula Drift Pack),EPIC,S1 840,
Formula Drift,#151 Toyota GR Supra ,2020," 300,000 ",Autoshow (DLC: Formula Drift Pack),EPIC,S1 863,
Formula Drift,#91 BMW M2 ,2020," 300,000 ",Autoshow (DLC: Formula Drift Pack),EPIC,S1 839,
Formula Drift,#64 Forsberg Racing Nissan Z ,2023," 300,000 ","""Hard to Find""",EPIC,S1 854,1
Forsberg Racing,Nissan 'Gold Leader' Datsun 280Z ,1975," 100,000 ",Autoshow (DLC: Formula Drift Pack),RARE,A 791,
Forsberg Racing,Toyota Gumout 2JZ Camry Stock Car ,2010," 400,000 ",Autoshow (DLC: Formula Drift Pack),RARE,S1 900,
Forsberg Racing,Nissan 'SafariZ' 370Z Safari Rally Tribute ,2014," 40,000 ",Autoshow (DLC: Car Pass),EPIC,A 720,
Forsberg Racing,Nissan 'Altimaniac' ,2021," 300,000 ",Autoshow (DLC: Horizon Racing Car Pack),EPIC,S1 881,-
Funco Motorsports,F9 ,2018," 500,000 ","Wheelspin, ""Unlimited Prowess!"" accolade",EPIC,S1 821,
Ginetta,G10 RM ,2019," 500,000 ",Autoshow (DLC: Acceleration Car Pack),EPIC,A 769,-
GMC,Jimmy ,1970," 75,000 ",Barn find,LEGENDARY,C 521,
GMC,Vandura G-1500 ,1983," 25,000 ","Autoshow, Wheelspin",COMMON,D 226,
GMC,Syclone ,1991," 250,000 ","""Hard to Find""",EPIC,C 548,0
GMC,Typhoon ,1992," 250,000 ","""Hard to Find""",EPIC,C 538,0
GMC,"""Barbie Movie"" HUMMER EV Pickup ",2022," 250,000 ",Autoshow,EPIC,A 718,
GMC,HUMMER EV Pickup ,2022," 250,000 ","""Hard to Find""",EPIC,A 718,0
Gordon Murray Automotive,T.50 ,2022," 2,840,000 ","""Hard to Find""",LEGENDARY,S2 936,0
HDT,VK Commodore Group A ,1985," 250,000 ","""Hard to Find""",RARE,C 550,
Hennessey,Venom GT ,2012," 1,200,000 ","Autoshow, Wheelspin",LEGENDARY,S2 911,
Hennessey,Camaro Exorcist ,2019," 250,000 ","""A New Era"" accolade",LEGENDARY,S1 857,
Hennessey,VelociRaptor 6x6 ,2019," 350,000 ","Autoshow, Wheelspin",LEGENDARY,B 634,
Hennessey,Venom F5 ,2021," 3,000,000 ","HW Academy: ""Fresh Orange Routes"", Autoshow (DLC: Hot Wheels)",LEGENDARY,S2 964,0
Hennessey,Mammoth 1000 6x6 TRX ,2022," 450,000 ","""Starting the Journey"" accolade",LEGENDARY,B 697,0
Holden,HQ Monaro GTS 350 ,1973," 75,000 ","Autoshow, Wheelspin",COMMON,C 525,
Holden,Sandman HQ Panelvan ,1974," 55,000 ","Autoshow, Wheelspin",COMMON,C 501,
Holden,Torana A9X ,1977," 130,000 ","Autoshow, Wheelspin",RARE,C 517,
Honda,Civic RS ,1974," 25,000 ",Autoshow,COMMON,D 368,
Honda,Civic CRX Mugen ,1984," 40,000 ",Midnight Battle 2,EPIC,D 499,0
Honda,CR-X SiR ,1991," 20,000 ",Autoshow,COMMON,C 534,
Honda,NSX-R ,1992," 90,000 ","Autoshow, Wheelspin",EPIC,B 691,
Honda,Prelude Si ,1994," 20,000 ",Autoshow,COMMON,C 521,
Honda,Civic Type R ,1997," 25,000 ",Autoshow,COMMON,C 553,
Honda,S2000 ,2003," 25,000 ","Autoshow, Wheelspin",COMMON,B 630,
Honda,Civic Type R ,2004," 25,000 ",Autoshow,COMMON,C 600,
Honda,NSX-R ,2005," 150,000 ","Autoshow, Wheelspin, ""Built for Speed"" accolade",EPIC,B 691,
Honda,NSX-R GT ,2005," 500,000 ","""Hard to Find""",EPIC,A 725,1
Honda,Civic Type R ,2007," 20,000 ","Autoshow, ""Fast Track"" accolade",COMMON,C 574,
Honda,S2000 CR ,2009," 25,000 ","Autoshow, Wheelspin",COMMON,B 634,
Honda,Ridgeline Baja Trophy Truck ,2015," 500,000 ","""Hard to Find""",EPIC,A 703,0
Honda,Civic Coupe ,2016," 155,000 ","""Hard to Find""",EPIC,S1 861,
Honda,Civic Type R ,2016," 38,000 ",Autoshow,COMMON,B 699,
Honda,Civic Type R ,2018," 59,000 ",Autoshow,RARE,A 727,
Hoonigan,Chevrolet Bel Air ,1955," 76,000 ","Autoshow, Wheelspin, ""The Odd Chance"" accolade",RARE,B 621,
Hoonigan,"Ford ""Hoonicorn"" Mustang ",1965," 500,000 ","Autoshow, Wheelspin",EPIC,S2 951,
Hoonigan,Gymkhana 10 Ford F-150 'Hoonitruck' ,1977," 500,000 ","Autoshow, Wheelspin",EPIC,S1 896,
Hoonigan,Gymkhana 10 Ford Hoonicorn Mustang ,1965," 500,000 ","""Hard to Find""",EPIC,S2 952,0
Hoonigan,Chevrolet Napalm Nova ,1972," 50,000 ","Autoshow, Wheelspin",RARE,A 731,
Hoonigan,Volkswagen Baja Beetle Class 5/1600 'Scumbug' ,1973," 300,000 ","Horizon Raptors: Win ""Cascade Fuerte"", Autoshow (DLC: Rally Adventure)",RARE,C 524,
Hoonigan,Ford Escort RS1800 ,1978," 300,000 ","Autoshow, Wheelspin",EPIC,S1 820,
Hoonigan,Ford RS200 Evolution ,1986," 500,000 ","Autoshow, Wheelspin",EPIC,S2 904,
Hoonigan,Gymkhana 10 Ford Escort Cosworth Group A ,1991," 500,000 ","Autoshow, Wheelspin",EPIC,S1 862,0
Hoonigan,Rauh-Welt Begriff Porsche 911 Turbo ,1991," 160,000 ",Car Mastery: 1995 Porsche 911 GT2,RARE,S1 811,
Hoonigan,Mazda RX-7 Twerkstallion ,1992," 50,000 ",Car Mastery: 1990 Mazda Savanna RX-7,RARE,A 799,
Hoonigan,"Ford Escort Cosworth WRC ""Cossie V2"" ",1994," 500,000 ","Autoshow, ""On a Wing and a Prayer"" Showcase reward",EPIC,A 783,
Hoonigan,Gymkhana 10 Ford Focus RS RX ,2016," 500,000 ","Wheelspin, ""Hoarder"" accolade",EPIC,S1 864,
Hoonigan,Gymkhana 9 Ford Focus RS RX ,2016," 500,000 ","""Hard to Find""",LEGENDARY,S1 863,1
Hot Wheels,Ford F-5 Dually Custom Hot Rod ,1949," 250,000 ","HW Academy: ""Chapter 2: The Iconic Orange Track"" (DLC: Hot Wheels), Wheelspin",LEGENDARY,B 630,
Hot Wheels,Nash Metropolitan Custom ,1957," 250,000 ","HW Academy: ""Chapter 1: The Beginning"" (DLC: Hot Wheels), Wheelspin",LEGENDARY,B 631,
Hot Wheels,Twin Mill ,1969," 110,000 ",Wheelspin,LEGENDARY,A 798,0
Hot Wheels,Pontiac Firebird Trans Am Custom ,1970," 300,000 ","""Hard to Find""",LEGENDARY,S1 894,0
Hot Wheels,Deora II ,2000," 500,000 ","HW Academy: ""Here We Pro"", Autoshow (DLC: Hot Wheels)",LEGENDARY,A 800,
Hot Wheels,Ford Mustang ,2005," 300,000 ","HW Academy: ""Chapter 5: Hot Wheels Today"" (DLC: Hot Wheels), Wheelspin",LEGENDARY,S1 819,
Hot Wheels,Bone Shaker ,2011," 150,000 ","Autoshow, Wheelspin, ""Reach for the Stars"" accolade",LEGENDARY,A 790,
Hot Wheels,Bad to the Blade ,2012," 200,000 ","HW Academy: ""Time to Meet the Elite"", Autoshow (DLC: Hot Wheels)",EPIC,S2 998,
Hot Wheels,Rip Rod ,2012," 300,000 ","HW Academy: ""Chapter 3: The Snake & The Mongoose"" (DLC: Hot Wheels), Wheelspin",LEGENDARY,A 715,
Hot Wheels,Baja Bone Shaker ,2013," 150,000 ","HW Academy: ""Hot Wheels Expedition"", Autoshow (DLC: Hot Wheels)",LEGENDARY,B 700,
Hot Wheels,2JetZ ,2018," 250,000 ","HW Academy: ""Chapter 4: Treasure Hunting"" (DLC: Hot Wheels), Wheelspin",LEGENDARY,S1 854,
HSV,GEN-F GTS ,2014," 75,000 ","Autoshow, Wheelspin",RARE,A 721,
HSV,Limited Edition Gen-F GTS Maloo ,2014," 62,000 ","Autoshow, Wheelspin",COMMON,A 742,
Hummer,H1 Alpha ,2006," 112,000 ","Autoshow, Wheelspin",RARE,D 354,
Hyundai,Veloster N ,2019," 30,000 ","Autoshow, Wheelspin",EPIC,B 645,
Hyundai,i30 N ,2020," 250,000 ","""Hard to Find""",RARE,B 670,
Hyundai,#98 Bryan Herta Autosport Elantra N ,2021," 250,000 ","""Hard to Find""",RARE,A 800,
Hyundai,IONIQ6 ,2022," 250,000 ","""Hard to Find""",RARE,B 686,
Hyundai,Kona N ,2022," 250,000 ","""Hard to Find""",RARE,B 684,
Hyundai,N Vision 74 ,2022," 250,000 ","""Hard to Find""",RARE,A 799,0
Hyundai,IONIQ 5 N ,2023," 250,000 ","""Hard to Find""",RARE,A 756,
Infiniti,Q60 Concept ,2015," 50,000 ","Autoshow, Wheelspin",COMMON,A 735,
International,Scout 800A ,1970," 40,000 ","Autoshow, Wheelspin",COMMON,D 384,
Italdesign,Zerouno ,2018," 2,400,000 ",Autoshow,LEGENDARY,S1 869,1
Italdesign,DaVinci Concept ,2019," 150,000 ",Autoshow (DLC: Italian Exotics Car Pack),RARE,S1 809,-
Jaguar,C-Type ,1953," 5,000,000 ",Autoshow,LEGENDARY,C 599,0
Jaguar,D-Type ,1956," 22,000,000 ","Autoshow, Wheelspin, ""Sold Out"" accolade",LEGENDARY,B 630,0
Jaguar,Mk II 3.8 ,1959," 80,000 ",Autoshow,EPIC,D 448,
Jaguar,E-type ,1961," 150,000 ",Autoshow,EPIC,C 525,
Jaguar,Lightweight E-Type ,1964," 7,500,000 ",Autoshow,LEGENDARY,B 688,
Jaguar,XJ13 ,1966," 18,000,000 ",Autoshow (DLC: Car Pass),RARE,A 779,
Jaguar,Sport XJR-15 ,1991," 500,000 ",Barn find,LEGENDARY,S1 828,
Jaguar,XJ220 ,1993," 350,000 ",Wheelspin,LEGENDARY,A 786,
Jaguar,XJ220S TWR ,1993," 400,000 ",Autoshow (DLC: Car Pass),RARE,S1 848,
Jaguar,C-X75 ,2010," 1,500,000 ",Autoshow,LEGENDARY,S1 880,
Jaguar,XKR-S ,2012," 100,000 ",Autoshow,RARE,A 756,
Jaguar,F-TYPE R Coupé ,2015," 110,000 ",Wheelspin,EPIC,A 777,
Jaguar,XE-S ,2015," 57,000 ",Autoshow,COMMON,B 671,
Jaguar,XFR-S ,2015," 110,000 ",Autoshow,RARE,A 728,
Jaguar,XKR-S GT ,2015," 250,000 ","""Hard to Find""",EPIC,A 778,0
Jaguar,F-TYPE Project 7 ,2016," 190,000 ","Wheelspin, ""The Serious 7"" accolade",EPIC,A 786,0
Jaguar,F-PACE S ,2017," 55,000 ",Autoshow,COMMON,B 674,
Jaguar,I-Pace ,2018," 87,000 ","Autoshow, Wheelspin, ""Unbeatable Street Racing"" accolade",RARE,A 705,
Jaguar,XE SV Project 8 ,2019," 200,000 ",Autoshow (DLC: European Automotive Car Pack),RARE,S1 830,-
Jaguar,F-TYPE SVR ,2020," 250,000 ","""Hard to Find""",RARE,S1 806,0
Jeep,CJ5 Renegade ,1976," 60,000 ","Autoshow, Wheelspin",COMMON,D 431,
Jeep,Wrangler Rubicon ,2012," 50,000 ","Autoshow, Wheelspin",COMMON,D 463,
Jeep,Grand Cherokee SRT ,2014," 80,000 ","Autoshow, Wheelspin",COMMON,B 680,
Jeep,Trailcat ,2016," 75,000 ","Autoshow, Wheelspin, ""Born to Win"" accolade",RARE,A 744,
Jeep,Grand Cherokee Trackhawk ,2018," 73,000 ","Autoshow, Wheelspin",COMMON,A 749,
Jeep,Gladiator Rubicon ,2020," 45,000 ","Autoshow, Wheelspin",COMMON,D 456,
Jimco,#240 Fastball Racing Spec Trophy Truck ,2019," 350,000 ","Apex Predators: Win ""The Apex Run"", Autoshow (DLC: Rally Adventure)",EPIC,B 623,
Jimco,#179 Hammerhead Class 1 ,2020," 150,000 ","Grit Reapers: Win ""Cráteres Secos"", Autoshow (DLC: Rally Adventure)",RARE,A 763,
Kia,EV6 GT ,2023," 250,000 ","""Hard to Find""",RARE,A 719,
Koenigsegg,CC8S ,2002," 400,000 ","Autoshow, Wheelspin",EPIC,S1 846,
Koenigsegg,CCX ,2006," 600,000 ","""Hard to Find""",LEGENDARY,S1 870,0
Koenigsegg,CCGT ,2008," 1,000,000 ",Wheelspin,LEGENDARY,S2 965,0
Koenigsegg,Agera ,2011," 1,500,000 ","""Hard to Find""",LEGENDARY,S1 895,0
Koenigsegg,One:1 ,2015," 2,800,000 ","Autoshow, Wheelspin",LEGENDARY,S2 983,
Koenigsegg,Regera ,2016," 1,900,000 ","Autoshow, Wheelspin, ""The Completionist"" accolade",LEGENDARY,S2 966,
Koenigsegg,Agera RS ,2017," 2,000,000 ","Autoshow, Wheelspin",LEGENDARY,S2 980,0
Koenigsegg,Jesko ,2020," 2,800,000 ","Autoshow, Wheelspin, ""Cinema Irréaliste"" accolade",LEGENDARY,S2 971,
KTM,X-Bow R ,2013," 105,000 ","Autoshow, Wheelspin",RARE,S1 802,
KTM,X-Bow GT4 ,2018," 400,000 ","""Hard to Find""",EPIC,S1 845,0
KTM,X-Bow GT2 ,2020," 500,000 ",Autoshow (DLC: Super Speed Car Pack),EPIC,S2 931,-
Lamborghini,Miura P400 ,1967," 1,000,000 ","Autoshow, Wheelspin",LEGENDARY,B 625,
Lamborghini,Espada 400 GT ,1973," 110,000 ",Autoshow (DLC: Car Pass),RARE,C 597,
Lamborghini,LM 002 ,1986," 180,000 ","Autoshow, Wheelspin",EPIC,C 562,
Lamborghini,Countach LP5000 QV ,1988," 220,000 ","Autoshow, Wheelspin",EPIC,A 735,
Lamborghini,Diablo SV ,1997," 174,000 ","Autoshow, Wheelspin",EPIC,A 763,
Lamborghini,Diablo GTR ,1999," 1,000,000 ",Car Mastery: 1997 Lamborghini Diablo SV,EPIC,S1 881,
Lamborghini,Reventón ,2008," 1,375,000 ",Car Collector: Lamborghini,LEGENDARY,S1 817,
Lamborghini,Murciélago LP 670-4 SV ,2010," 500,000 ","Wheelspin, Midnight Battle 4",EPIC,S1 818,
Lamborghini,Gallardo LP 570-4 Superleggera ,2011," 280,000 ","""Mogul"" accolade",EPIC,S1 814,
Lamborghini,Sesto Elemento ,2011," 2,500,000 ","Autoshow, Wheelspin",LEGENDARY,S2 936,-
Lamborghini,Sesto Elemento Forza Edition ,2011," 2,750,000 ",Wheelspin,FORZA EDITION,S2 998,
Lamborghini,Aventador J ,2012," 2,700,000 ","""Hard to Find""",EPIC,S1 839,
Lamborghini,Aventador LP700-4 ,2012," 380,000 ","Autoshow, Wheelspin",EPIC,S1 847,
Lamborghini,Gallardo LP 570-4 Spyder Performante ,2012," 280,000 ","""Hard to Find""",EPIC,A 797,
Lamborghini,Veneno ,2013," 3,000,000 ","Autoshow, Wheelspin",LEGENDARY,S2 910,
Lamborghini,Huracán LP 610-4 ,2014," 240,000 ","Autoshow, Wheelspin",EPIC,S1 838,
Lamborghini,Aventador Superveloce ,2016," 480,000 ","Autoshow, Wheelspin, ""Eliminating Spree"" accolade",EPIC,S1 872,
Lamborghini,Centenario LP 770-4 ,2016," 2,300,000 ","Autoshow, Wheelspin",LEGENDARY,S1 884,
Lamborghini,#63 Squadra Corse Huracán Super Trofeo Evo ,2018," 400,000 ",Autoshow (DLC: Italian Exotics Car Pack),LEGENDARY,S2 906,-
Lamborghini,Aventador SVJ ,2018," 500,000 ","""Hard to Find""",LEGENDARY,S1 889,0
Lamborghini,Huracán Performante ,2018," 275,000 ","Autoshow, Wheelspin",EPIC,S1 874,
Lamborghini,Urus ,2019," 150,000 ","Autoshow, Wheelspin, ""Rampage"" accolade",RARE,A 767,
Lamborghini,Essenza SCV12 ,2020," 5,000,000 ",Autoshow (DLC: Italian Exotics Car Pack),LEGENDARY,S2 967,-
Lamborghini,Huracán EVO ,2020," 340,000 ",Autoshow (DLC: Car Pass),RARE,S1 851,
Lamborghini,Huracán STO ,2020," 450,000 ","""Hard to Find""",LEGENDARY,S1 883,
Lamborghini,SC20 ,2020," 2,500,000 ",Autoshow (DLC: Italian Exotics Car Pack),LEGENDARY,S1 884,-
Lamborghini,Sián Roadster ,2020," 3,500,000 ",Autoshow,LEGENDARY,S1 881,
Lamborghini,Aventador LP 780-4 Ultimae ,2021," 250,000 ","""Hard to Find""",LEGENDARY,S1 878,
Lamborghini,Countach LPI 800-4 ,2021," 2,750,000 ","""Hard to Find""",LEGENDARY,S1 865,0
Lamborghini,Huracán Sterrato ,2023," 250,000 ","""Master of Worlds"" accolade",LEGENDARY,S1 836,0
Lamborghini,Huracán Tecnica ,2022," 250,000 ",Autoshow (DLC: Italian Exotics Car Pack),LEGENDARY,S1 850,-
Lamborghini,Revuelto ,2024," 250,000 ","""Horizon Stadium Circuit Pro"" accolade",LEGENDARY,S2 905,0
Lancia,Fulvia Coupé Rallye 1.6 HF ,1968," 250,000 ","""Hard to Find""",RARE,C 526,0
Lancia,Stratos HF Stradale ,1974," 550,000 ",Autoshow,RARE,C 590,
Lancia,037 Stradale ,1982," 750,000 ","""Hard to Find""",RARE,B 647,
Lancia,Delta S4 ,1986," 1,000,000 ","""Hard to Find""",RARE,B 682,0
Lancia,Delta HF Integrale Evo ,1992," 100,000 ",Autoshow,COMMON,B 602,
Land Rover,Range Rover ,1973," 50,000 ","Autoshow, Wheelspin",COMMON,D 274,
Land Rover,Defender 90 ,1997," 30,000 ","Autoshow, Wheelspin",COMMON,D 366,
Land Rover,Series III ,1997," 20,000 ","Autoshow, Wheelspin",COMMON,D 100,
Land Rover,Range Rover Sport SVR ,2015," 133,000 ","Autoshow, Wheelspin",RARE,A 722,
Land Rover,Range Rover Velar First Edition ,2018," 85,000 ","Autoshow, Wheelspin",RARE,B 638,
Land Rover,Defender 110 X ,2020," 80,000 ","Autoshow, Wheelspin",COMMON,C 534,
Lexus,SC300 ,1997," 25,000 ","Autoshow, Wheelspin",RARE,C 555,
Lexus,LFA ,2010," 500,000 ","Autoshow, Wheelspin, ""Supersonic Speed"" accolade",EPIC,S1 810,
Lexus,RC F ,2015," 75,000 ","Autoshow, Wheelspin, ""Unbeatable Road Racing"" accolade",RARE,A 741,
Lexus,#14 VASSER SULLIVAN RC F GT3 ,2020," 295,000 ",Autoshow (DLC: Apex Allstars Car Pack),RARE,S1 890,-
Lexus,RC F Track Edition ,2020," 100,000 ",Autoshow (DLC: Car Pass),RARE,A 777,
Lexus,LC 500 ,2021," 250,000 ","""Hard to Find""",RARE,A 719,
Lincoln,Continental ,1962," 250,000 ","""Hard to Find""",EPIC,D 381,0
Local Motors,Rally Fighter ,2014," 100,000 ","Autoshow, Wheelspin, ""Unbeatable Dirt Racing"" accolade",RARE,A 716,
Lola,#6 Penske Sunoco T70 MkIIIB ,1969," 850,000 ","Autoshow, Wheelspin, ""Road Racing's Biggest Fan"" accolade",EPIC,S1 818,
Lotus,Elan Sprint ,1971," 57,000 ","Autoshow, Wheelspin",COMMON,D 443,
Lotus,Esprit Turbo ,1980," 250,000 ","""Hard to Find""",RARE,C 538,0
Lotus,Elise GT1 ,1997," 1,800,000 ","Autoshow, Wheelspin",LEGENDARY,A 794,
Lotus,Elise Series 1 Sport 190 ,1999," 81,000 ","Autoshow, Wheelspin",COMMON,A 711,
Lotus,340R ,2000," 250,000 ","""Hard to Find""",RARE,B 700,0
Lotus,Esprit V8 ,2002," 250,000 ","""Hard to Find""",RARE,A 731,
Lotus,2-Eleven ,2009," 250,000 ","""Hard to Find""",EPIC,A 799,
Lotus,Exige S ,2012," 85,000 ","Autoshow, Wheelspin, ""Skillz"" accolade",RARE,A 754,
Lotus,3-Eleven ,2016," 150,000 ","Autoshow, Wheelspin",EPIC,S1 839,
Lotus,Exige Cup 430 ,2018," 250,000 ","""Halfway Point"" accolade",EPIC,S1 833,0
Lotus,Evija ,2020," 2,500,000 ","Autoshow, ""Horizon Arcade Fan"" accolade",LEGENDARY,S2 994,0
Lotus,Emira ,2023," 95,000 ",Autoshow (DLC: Horizon Racing Car Pack),RARE,A 767,-
Lucid,Air Sapphire ,2023," 250,000 ","""Hard to Find""",RARE,S1 884,0
Lynk & Co,#100 Cyan Racing 03 ,2020," 250,000 ","""Hard to Find""",RARE,A 800,1
Lynk & Co,03+ ,2021," 40,000 ",Autoshow,COMMON,B 679,
Lynk & Co,02 Hatchback ,2022," 250,000 ","""Hard to Find""",RARE,B 637,
Lynk & Co,05+ ,2022," 42,000 ",Autoshow (DLC: Chinese Lucky Stars Car Pack),RARE,B 622,-
Maserati,8CTF ,1939," 10,000,000 ","""Hard to Find""",LEGENDARY,B 657,1
Maserati,MC12 Versione Corsa ,2008," 2,500,000 ","Autoshow, Wheelspin",LEGENDARY,S2 961,0
Maserati,Gran Turismo S ,2010," 156,000 ","Autoshow, Wheelspin",EPIC,A 702,
Maserati,Gran Turismo S Forza Edition ,2010," 500,000 ",Wheelspin,FORZA EDITION,S1 900,
Maserati,Levante S ,2017," 85,000 ","Autoshow, Wheelspin",COMMON,B 696,
Mazda,Savanna RX-7 ,1990," 25,000 ","Wheelspin, ""Three of a Kind"" accolade",EPIC,C 558,
Mazda,323 GT-R ,1992," 25,000 ",Autoshow (DLC: Car Pass),COMMON,C 589,
Mazda,MX-5 Miata ,1994," 25,000 ","Autoshow, Wheelspin",COMMON,D 445,
Mazda,RX-7 ,1997," 35,000 ","Autoshow, Wheelspin",COMMON,B 645,
Mazda,RX-7 Spirit R Type-A ,2002," 30,000 ","Autoshow, Wheelspin",RARE,B 687,
Mazda,Mazdaspeed MX-5 ,2005," 25,000 ","Autoshow, Wheelspin",COMMON,C 587,
Mazda,RX-8 R3 ,2011," 27,000 ","Autoshow, Wheelspin",RARE,B 624,
Mazda,MX-5 ,2013," 26,000 ","Autoshow, Wheelspin",COMMON,C 549,
Mazda,MX-5 ,2016," 35,000 ","Autoshow, Wheelspin",COMMON,B 620,
Mazda,MX-5 Miata RF ,2022," 250,000 ","""Hard to Find""",EPIC,B 626,
McLaren,F1 ,1993," 15,000,000 ",Wheelspin,LEGENDARY,S1 817,0
McLaren,F1 GT ,1997," 15,000,000 ","Autoshow, Wheelspin",LEGENDARY,S1 866,
McLaren,12C Coupé ,2011," 250,000 ","""Hard to Find""",EPIC,S1 832,0
McLaren,P1 ,2013," 1,350,000 ","Autoshow, Wheelspin",LEGENDARY,S2 928,
McLaren,650S Spider ,2014," 420,000 ","""Hard to Find""",EPIC,S1 856,0
McLaren,570S Coupé ,2015," 224,000 ","Autoshow, Wheelspin",EPIC,S1 824,
McLaren,650S Coupé ,2015," 420,000 ","Autoshow, Wheelspin",EPIC,S1 859,
McLaren,600LT Coupé ,2018," 260,000 ","Autoshow, Wheelspin",EPIC,S1 868,
McLaren,720S Coupé ,2018," 340,000 ",Car Collector: McLaren,EPIC,S1 899,
McLaren,Senna ,2018," 1,000,000 ",Autoshow,LEGENDARY,S2 934,
McLaren,720S Spider ,2019," 340,000 ","Autoshow, Wheelspin",EPIC,S1 887,
McLaren,Speedtail ,2019," 2,250,000 ","Autoshow, Wheelspin",LEGENDARY,S2 910,
McLaren,GT ,2020," 210,000 ",Autoshow,COMMON,S1 823,
McLaren,620R ,2021," 400,000 ",Autoshow (DLC: Car Pass),EPIC,S1 864,
McLaren,765LT ,2021," 400,000 ","""Hard to Find""",EPIC,S2 913,0
McLaren,Sabre ,2021," 4,000,000 ",Autoshow (DLC: Acceleration Car Pack),EPIC,S1 887,-
McLaren,Artura ,2023," 285,000 ","""Hard to Find""",EPIC,S1 860,0
Mercedes-AMG,GT S ,2015," 250,000 ","""Hard to Find""",RARE,A 797,
Mercedes-AMG,C 63 S Coupé ,2016," 90,000 ","Autoshow, Wheelspin",RARE,A 755,
Mercedes-AMG,GT R ,2017," 295,000 ","Autoshow, Wheelspin",EPIC,S1 837,
Mercedes-AMG,E 63 S ,2018," 135,000 ",Wheelspin,EPIC,A 778,
Mercedes-AMG,GT 4-Door Coupé ,2018," 175,000 ","Autoshow, Wheelspin",EPIC,A 768,
Mercedes-AMG,GT3 ,2018," 305,000 ",Autoshow (DLC: Apex Allstars Car Pack),RARE,S1 890,-
Mercedes-AMG,GT Black Series ,2021," 325,000 ","""Hard to Find""",EPIC,S1 884,1
Mercedes-AMG,Mercedes-AMG ONE ,2021," 2,700,000 ","Autoshow, Wheelspin",LEGENDARY,S2 927,
Mercedes-AMG,SL 63 ,2021," 250,000 ","""Hard to Find""",RARE,A 789,
Mercedes-Benz,SSK ,1929," 7,500,000 ","Autoshow, Wheelspin",LEGENDARY,D 256,
Mercedes-Benz,W154 ,1939," 20,000,000 ",Car Collector: Mercedes-Benz,LEGENDARY,B 672,
Mercedes-Benz,300 SL Coupé ,1954," 1,200,000 ","Autoshow, Wheelspin",LEGENDARY,D 498,
Mercedes-Benz,300 SLR ,1955," 143,000,000 ",Autoshow,LEGENDARY,A 714,
Mercedes-Benz,280 SL ,1967," 250,000 ","""Hard to Find""",RARE,D 478,
Mercedes-Benz,AMG Hammer Coupe ,1987," 165,000 ","Autoshow, Wheelspin",COMMON,B 681,
Mercedes-Benz,AMG Hammer Wagon ,1987," 200,000 ",Autoshow (DLC: European Automotive Car Pack),RARE,B 675,-
Mercedes-Benz,190E 2.5-16 Evolution II ,1990," 150,000 ","Autoshow, Wheelspin",RARE,C 579,
Mercedes-Benz,500 E ,1992," 250,000 ","""Hard to Find""",RARE,B 616,
Mercedes-Benz,AMG CLK GTR ,1998," 2,000,000 ","Autoshow, Wheelspin",LEGENDARY,S1 829,
Mercedes-Benz,AMG CLK GTR Forza Edition ,1998," 2,250,000 ",Wheelspin,FORZA EDITION,S2 998,
Mercedes-Benz,E 55 AMG Wagon ,2006," 250,000 ","""Hard to Find""",RARE,B 698,0
Mercedes-Benz,SL 65 AMG Black Series ,2009," 300,000 ","""Hard to Find""",EPIC,A 800,0
Mercedes-Benz,SLS AMG ,2011," 200,000 ","Autoshow, Wheelspin, ""'S2' Class Elite"" accolade",EPIC,S1 804,
Mercedes-Benz,C 63 AMG Coupé Black Series ,2012," 150,000 ","Autoshow, Wheelspin",RARE,A 768,
Mercedes-Benz,SLK 55 AMG ,2012," 78,000 ","Autoshow, Wheelspin",RARE,A 740,
Mercedes-Benz,A 45 AMG ,2013," 65,000 ","Autoshow, Wheelspin",RARE,A 707,
Mercedes-Benz,E 63 AMG ,2013," 105,000 ","Autoshow, Wheelspin, ""Kingpin"" accolade",RARE,A 751,
Mercedes-Benz,G 65 AMG ,2013," 350,000 ","Autoshow, Wheelspin, ""Sweet Victory"" accolade",RARE,B 639,
Mercedes-Benz,G 63 AMG 6x6 ,2014," 525,000 ","Autoshow, Wheelspin",EPIC,B 606,
Mercedes-Benz,Unimog U5023 ,2014," 100,000 ","Autoshow, Wheelspin",RARE,D 103,
Mercedes-Benz,#24 Tankpool24 Racing Truck ,2015," 500,000 ","Autoshow, Wheelspin",EPIC,A 702,
Mercedes-Benz,#24 Tankpool24 Racing Truck Forza Edition ,2015," 750,000 ",Wheelspin,FORZA EDITION,A 800,
Mercedes-Benz,X-Class ,2018," 65,000 ","Autoshow, Wheelspin",COMMON,D 368,
Mercury,Cyclone Spoiler ,1970," 35,000 ",Autoshow (DLC: Car Pass),RARE,D 491,
Meyers,Manx ,1971," 35,000 ",Wheelspin,EPIC,D 291,
Meyers,Manx Forza Edition ,1971," 500,000 ",Wheelspin,FORZA EDITION,A 800,
Meyers,Manx 2.0 EV ,2023," 250,000 ","""Hard to Find""",EPIC,B 649,0
MG,Metro 6R4 ,1986," 125,000 ","Wheelspin, ""Rudos"" accolade",LEGENDARY,S1 811,
MG,XPower SV-R ,2005," 50,000 ",Autoshow (DLC: Car Pass),RARE,B 694,
MG,MG3 ,2015," 250,000 ","""Hard to Find""",RARE,D 444,0
MG,#20 MG6 XPower ,2020," 250,000 ","""Hard to Find""",RARE,A 800,0
MG,MG6 XPower ,2021," 250,000 ","""Hard to Find""",RARE,A 716,
MG,MG7 ,2022," 250,000 ","""Hard to Find""",RARE,B 636,
MG,Cyberster ,2023," 90,000 ",Autoshow (DLC: Chinese Lucky Stars Car Pack),RARE,A 767,-
MINI,Cooper S ,1965," 30,000 ","Autoshow, ""Chicken Dinner"" accolade",RARE,D 281,
MINI,Cooper S Forza Edition ,1965," 500,000 ","""Hard to Find""",FORZA EDITION,A 800,1
MINI,John Cooper Works ,2009," 25,000 ","Autoshow, Wheelspin",COMMON,C 598,
MINI,John Cooper Works GP ,2012," 38,000 ","Autoshow, Wheelspin",RARE,B 628,
MINI,X-Raid All4 Racing Countryman ,2014," 250,000 ",Wheelspin,EPIC,B 632,
MINI,John Cooper Works Countryman All4 ,2018," 38,500 ","Autoshow, Wheelspin, ""Off Track"" accolade",COMMON,C 537,
MINI,X-Raid John Cooper Works Buggy ,2018," 250,000 ","Autoshow, Wheelspin",EPIC,B 632,
MINI,John Cooper Works GP ,2021," 42,000 ",Autoshow (DLC: Car Pass),RARE,A 719,
Mitsubishi,Galant VR-4 ,1992," 250,000 ","""Hard to Find""",RARE,C 540,
Mitsubishi,Eclipse GSX ,1995," 25,000 ","Autoshow, Wheelspin",COMMON,C 543,
Mitsubishi,Lancer Evolution III GSR ,1995," 250,000 ","""Hard to Find""",EPIC,B 632,
Mitsubishi,GTO ,1997," 20,000 ","Autoshow, Wheelspin",COMMON,B 610,
Mitsubishi,Montero Evolution ,1997," 60,000 ",Autoshow (DLC: JDM Jewels Car Pack),EPIC,D 457,
Mitsubishi,FTO GP Version R ,1998," 250,000 ","""Hard to Find""",COMMON,C 585,0
Mitsubishi,Starion ESI-R ,1998," 20,000 ","Autoshow, Wheelspin",RARE,C 549,
Mitsubishi,Lancer Evolution VI GSR ,1999," 28,000 ","Autoshow, Wheelspin",RARE,B 659,
Mitsubishi,Lancer Evolution VIII MR ,2004," 31,000 ","Autoshow, Wheelspin",RARE,B 664,
Mitsubishi,#1 Sierra Sierra Enterprises Lancer Evolution Time Attack ,2005," 300,000 ","""Hard to Find""",LEGENDARY,S2 967,
Mitsubishi,Lancer Evolution IX MR ,2006," 27,000 ","Autoshow, Wheelspin",RARE,B 632,
Mitsubishi,Lancer Evolution X GSR ,2008," 43,000 ","Autoshow, Wheelspin, ""'B' Class Elite"" accolade",COMMON,B 649,
Mitsubishi,"Lancer Evolution X GSR ""Welcome Pack"" ",2008," 43,000 ",Autoshow (DLC: Welcome Pack),RARE,A 800,
Morgan,3 Wheeler ,2014," 50,000 ","Autoshow, Wheelspin",COMMON,D 488,
Morgan,Aero GT ,2018," 150,000 ","""Hard to Find""",RARE,A 784,0
Morris,Minor Series II Traveler ,1953," 250,000 ","""Master Explorer"" accolade",COMMON,D 100,0
Morris,Minor 1000 ,1958," 20,000 ","Autoshow, Wheelspin",COMMON,D 100,
Morris,Minor 1000 Forza Edition ,1958," 500,000 ",Wheelspin,FORZA EDITION,A 800,
Morris,Mini-Traveller ,1965," 250,000 ","""Hard to Find""",COMMON,D 100,0
Mosler,MT900 GT3 ,2006," 500,000 ","HW Academy: ""Zoomies"", Autoshow (DLC: Hot Wheels)",RARE,S2 910,
Mosler,MT900S ,2010," 320,000 ","Autoshow, Wheelspin",EPIC,S2 919,
Napier,Napier-Railton ,1933," 1,500,000 ","Autoshow, Wheelspin",LEGENDARY,B 603,
NIO,EP9 ,2016," 1,500,000 ","""Hard to Find""",LEGENDARY,S2 998,1
Nissan,Fairlady Z 432 ,1969," 170,000 ",Car Collector: Nissan,EPIC,D 482,
Nissan,Skyline 2000GT-R ,1971," 60,000 ","Autoshow, Wheelspin",RARE,D 493,
Nissan,Skyline H/T 2000GT-R ,1973," 170,000 ","Autoshow, Wheelspin",EPIC,C 518,
Nissan,Safari Turbo ,1985," 250,000 ","""Hard to Find""",COMMON,D 230,
Nissan,Be-1 ,1987," 19,000 ",Autoshow (DLC: Nissan Retro Rides Car Pack),RARE,D 257,-
Nissan,Skyline GTS-R (HR31) ,1987," 100,000 ","Autoshow, Wheelspin, ""Road to Stardom"" accolade",COMMON,C 543,
Nissan,Pao ,1989," 20,000 ",Autoshow (DLC: Nissan Retro Rides Car Pack),RARE,D 228,-
Nissan,S-Cargo ,1989," 20,000 ",Autoshow (DLC: Nissan Retro Rides Car Pack),RARE,D 222,-
Nissan,Pulsar GTI-R ,1990," 20,000 ","Autoshow, Wheelspin",RARE,C 594,
Nissan,Figaro ,1991," 20,000 ",Autoshow (DLC: Nissan Retro Rides Car Pack),RARE,D 324,-
Nissan,Silvia CLUB K's ,1992," 25,000 ","Autoshow, Wheelspin",COMMON,C 537,
Nissan,240SX SE ,1993," 25,000 ","Autoshow, Wheelspin",COMMON,D 445,
Nissan,Skyline GT-R V-Spec ,1993," 85,000 ","Autoshow, Wheelspin, ""Opening Up"" accolade",RARE,B 626,
Nissan,Fairlady Z Version S Twin Turbo ,1994," 20,000 ","Autoshow, Wheelspin",COMMON,B 607,
Nissan,Silvia K's ,1994," 25,000 ","Autoshow, Wheelspin, ""Ultimate Ultima"" accolade",COMMON,B 617,
Nissan,NISMO GT-R LM ,1995," 1,100,000 ","Autoshow, Wheelspin",LEGENDARY,B 658,
Nissan,Skyline GT-R V-Spec ,1997," 37,000 ","Autoshow, Wheelspin",RARE,B 635,
Nissan,Stagea RS Four V ,1997," 40,000 ",Autoshow (DLC: JDM Jewels Car Pack),EPIC,C 547,
Nissan,R390 (GT1) ,1998," 1,250,000 ","Autoshow, Wheelspin",LEGENDARY,S1 859,
Nissan,Silvia K's AERO ,1998," 25,000 ","Autoshow, Wheelspin",COMMON,B 609,
Nissan,Silvia Spec-R ,2000," 35,000 ","Autoshow, Wheelspin",COMMON,B 632,
Nissan,Skyline GT-R V-Spec II ,2002," 63,000 ","Autoshow, Wheelspin",RARE,B 657,
Nissan,Fairlady Z ,2003," 35,000 ","Autoshow, Wheelspin, ""Fast Track Ticket"" accolade",COMMON,B 650,
Nissan,Fairlady Z Forza Edition ,2003," 500,000 ",Wheelspin,FORZA EDITION,A 800,
Nissan,Donut Media 350Z 'Hi Car' ,2004," 250,000 ","""High Five"" accolade",LEGENDARY,A 792,
Nissan,Donut Media 350Z 'Low Car' ,2004," 250,000 ","""Low Five"" accolade",LEGENDARY,A 733,
Nissan,Pickup #23 Rally Raid ,2004," 500,000 ","Autoshow, Wheelspin",EPIC,C 577,
Nissan,370Z ,2010," 40,000 ","Autoshow, Wheelspin",COMMON,B 688,
Nissan,Tsuru ,2010," 250,000 ","""Hard to Find""",LEGENDARY,D 444,
Nissan,GT-R Black Edition (R35) ,2012," 105,000 ","Autoshow, Wheelspin, ""Teamwork Makes the Dream Work"" accolade",RARE,S1 810,
Nissan,TITAN Warrior Concept ,2016," 50,000 ","Autoshow, Wheelspin",COMMON,D 486,
Nissan,GT-R (R35) ,2017," 132,000 ","Autoshow, Wheelspin",RARE,S1 814,
Nissan,Sentra NISMO ,2018," 250,000 ","""Hard to Find""",COMMON,C 591,0
Nissan,370Z NISMO ,2019," 50,000 ",Autoshow (DLC: Car Pass),RARE,A 718,
Nissan,GT-R NISMO (R35) ,2020," 250,000 ","""Hard to Find""",EPIC,S1 846,0
Nissan,Z ,2023," 250,000 ","""Hard to Find""",RARE,A 736,
Nissan,Z NISMO ,2024," 250,000 ","""Hard to Find""",EPIC,A 765,0
Noble,M400 ,2006," 100,000 ",Autoshow (DLC: Car Pass),RARE,S1 829,
Noble,M600 ,2010," 450,000 ","""Hard to Find""",EPIC,S1 877,
Oldsmobile,Toronado ,1966," 35,000 ",Autoshow (DLC: Car Pass),COMMON,D 403,
Opel,Manta 400 ,1984," 100,000 ","Autoshow, Wheelspin",RARE,B 691,
Pagani,Zonda Cinque Roadster 'Oreo Edition' ,2009," 2,100,000 ",Gifted (Promotional: Oreo),LEGENDARY,S1 900,1
Pagani,Zonda R ,2009," 1,800,000 ","Autoshow, Wheelspin",LEGENDARY,S2 959,
Pagani,Zonda Cinque Roadster ,2010," 2,100,000 ","Autoshow, Wheelspin",LEGENDARY,S1 896,
Pagani,Huayra Coupe ,2011," 1,400,000 ","""Hard to Find""",LEGENDARY,S1 900,0
Pagani,Huayra BC Coupe ,2016," 2,700,000 ",Wheelspin,LEGENDARY,S2 929,
Pagani,Huayra BC Forza Edition ,2016," 2,700,000 ",Wheelspin,FORZA EDITION,S2 998,
Pagani,Huayra R ,2021," 3,100,000 ",Autoshow (DLC: Horizon Racing Car Pack),LEGENDARY,S2 985,-
Peel,P50 ,1962," 250,000 ","""Hard to Find""",LEGENDARY,D 100,
Peel,Trident ,1965," 25,000 ",Autoshow,RARE,D 100,
Penhall,The Cholla ,2011," 100,000 ","Autoshow, Wheelspin",RARE,B 655,
Peugeot,205 Turbo 16 ,1984," 200,000 ","Wheelspin, ""Técnicos"" accolade",LEGENDARY,B 616,0
Peugeot,205 Rallye ,1991," 20,000 ","Autoshow, Wheelspin",RARE,D 462,
Peugeot,207 Super 2000 ,2007," 150,000 ","Autoshow, Wheelspin, ""Tour for the Eyes"" accolade",RARE,A 755,
Plymouth,Fury ,1958," 250,000 ","""Hard to Find""",RARE,D 477,
Plymouth,Belvedere ,1964," 250,000 ","""Hard to Find""",RARE,C 529,
Plymouth,Barracuda Formula-S ,1968," 250,000 ","""Hard to Find""",RARE,C 550,
Plymouth,Cuda 426 HEMI ,1971," 160,000 ","Autoshow, Wheelspin",EPIC,C 547,
Polaris,RZR XP 1000 EPS ,2015," 25,000 ","Autoshow, Wheelspin",COMMON,C 501,
Polaris,RZR Pro XP Factory Racing Limited Edition ,2021," 75,000 ","Horizon Raptors: Win ""Raptor Race!"", Autoshow (DLC: Rally Adventure)",RARE,C 516,
Polaris,RZR Pro XP Ultimate ,2021," 250,000 ","""Hard to Find""",RARE,C 593,0
Pontiac,GTO ,1965," 48,000 ","Autoshow, Wheelspin",COMMON,D 484,
Pontiac,Firebird ,1968," 250,000 ","""Hard to Find""",EPIC,C 533,0
Pontiac,GTO Judge ,1969," 250,000 ","""Hard to Find""",RARE,C 545,0
Pontiac,Firebird Trans Am SD-455 ,1973," 250,000 ","""Hard to Find""",COMMON,C 551,
Pontiac,Firebird Trans Am ,1977," 45,000 ","Autoshow, Wheelspin",RARE,D 418,
Pontiac,Firebird Trans Am GTA ,1987," 25,000 ","Autoshow, Wheelspin",COMMON,D 485,
Pontiac,Firebird Trans Am GTA Forza Edition ,1987," 500,000 ",Wheelspin,FORZA EDITION,S1 900,
Porsche,#46 356 SL Gmünd Coupe ,1951," 1,000,000 ","""Hard to Find""",LEGENDARY,D 243,0
Porsche,550 Spyder ,1955," 600,000 ","""Hard to Find""",LEGENDARY,C 514,0
Porsche,356 A 1600 Super ,1959," 240,000 ","Autoshow, Wheelspin",EPIC,D 241,
Porsche,356 C Cabriolet Emory Special ,1960," 400,000 ","""Hard to Find""",EPIC,B 651,0
Porsche,906 Carrera 6 ,1966," 2,000,000 ",Autoshow,LEGENDARY,A 732,0
Porsche,#3 917 LH ,1970," 15,000,000 ","Autoshow, Wheelspin",LEGENDARY,S1 856,
Porsche,914/6 ,1970," 24,000 ","Autoshow, Wheelspin",RARE,D 427,
Porsche,#23 917/20 ,1971," 15,000,000 ",Autoshow,LEGENDARY,S1 849,
Porsche,911 Carrera RS ,1973," 350,000 ",Barn find,LEGENDARY,B 601,
Porsche,911 Turbo 3.3 ,1982," 150,000 ","Autoshow, Wheelspin",EPIC,B 666,
Porsche,#185 959 Prodrive Rally Raid ,1986," 1,500,000 ","Autoshow, Wheelspin, ""Property Purchase, Great Success"" accolade",LEGENDARY,A 742,
Porsche,959,1987," 2,000,000 ","Autoshow, Wheelspin",LEGENDARY,A 764,0
Porsche,"#65 Rothsport Racing 911 ""Desert Flyer"" ",1989," 500,000 ","Autoshow, Wheelspin",EPIC,B 694,
Porsche,944 Turbo ,1989," 35,000 ","Autoshow, Wheelspin",RARE,B 651,
Porsche,911 Reimagined by Singer - DLS ,1990," 1,800,000 ",Autoshow,EPIC,S1 830,0
Porsche,968 Turbo S ,1993," 140,000 ","Autoshow, Wheelspin",RARE,A 701,
Porsche,911 Carrera 2 by Gunther Werks ,1995," 575,000 ","""Hard to Find""",EPIC,S1 804,
Porsche,911 GT2 ,1995," 550,000 ","Autoshow, Wheelspin",EPIC,A 753,
Porsche,911 GT1 Strassenversion ,1997," 2,500,000 ","Autoshow, Wheelspin",LEGENDARY,S1 840,
Porsche,Carrera GT ,2003," 1,000,000 ","Autoshow, Wheelspin",EPIC,S1 845,
Porsche,911 GT3 ,2004," 65,000 ","Autoshow, Wheelspin",RARE,A 778,
Porsche,911 Sport Classic ,2010," 205,000 ",Autoshow (DLC: Car Pass),EPIC,A 756,
Porsche,911 GT2 RS ,2012," 240,000 ","Autoshow, Wheelspin, ""Camera Fiend"" accolade",EPIC,S1 860,
Porsche,911 GT3 RS 4.0 ,2012," 250,000 ","""Hard to Find""",EPIC,S1 825,
Porsche,911 Turbo S ,2014," 150,000 ","Autoshow, Wheelspin",RARE,S1 808,
Porsche,918 Spyder ,2014," 850,000 ","Autoshow, Wheelspin, ""My Precious"" accolade",LEGENDARY,S2 920,
Porsche,Cayman GTS ,2015," 80,000 ","Autoshow, Wheelspin",RARE,A 767,
Porsche,911 GT3 RS ,2016," 235,000 ","Autoshow, Wheelspin",EPIC,S1 864,
Porsche,Cayman GT4 ,2016," 85,000 ","Autoshow, Wheelspin",RARE,S1 819,
Porsche,#92 GT Team 911 RSR ,2017," 650,000 ","""Hard to Find""",EPIC,S2 910,
Porsche,Panamera Turbo ,2017," 150,000 ","Autoshow, Wheelspin",RARE,A 767,
Porsche,718 Cayman GTS ,2018," 90,000 ","Autoshow, Wheelspin",EPIC,A 785,
Porsche,911 GT2 RS ,2018," 315,000 ","Autoshow, Wheelspin",EPIC,S1 888,
Porsche,911 GT3 R ,2018," 500,000 ",Autoshow (DLC: Apex Allstars Car Pack),RARE,S1 890,-
Porsche,Cayenne Turbo ,2018," 220,000 ","Autoshow, Wheelspin, ""The Stars Have Aligned"" accolade",EPIC,A 744,
Porsche,Macan LPR Rally Raid ,2018," 250,000 ",Wheelspin,EPIC,B 637,
Porsche,#70 Porsche Motorsport 935 ,2019," 1,000,000 ","""Hard to Find""",LEGENDARY,S2 932,
Porsche,911 Carrera S ,2019," 105,000 ","Autoshow, Wheelspin",RARE,S1 819,
Porsche,911 GT3 RS ,2019," 255,000 ","Autoshow, Wheelspin",EPIC,S1 860,
Porsche,911 GT3 RS Forza Edition ,2019," 255,000 ",Car Collector: Porsche,FORZA EDITION,S1 900,
Porsche,911 Speedster ,2019," 275,000 ",Autoshow (DLC: Car Pass),RARE,S1 813,
Porsche,Macan Turbo ,2019," 135,000 ","Autoshow, Wheelspin, ""In It to Win It"" accolade",RARE,B 695,
Porsche,Taycan Turbo S ,2020," 185,000 ","Autoshow, Wheelspin, ""Discovery Connoisseur"" accolade",COMMON,S1 807,
Porsche,"Taycan Turbo S ""Welcome Pack"" ",2020," 185,000 ",Autoshow (DLC: Welcome Pack),COMMON,S1 900,
Porsche,911 GT3 ,2021," 250,000 ","""Hard to Find""",EPIC,S1 858,
Porsche,Mission R ,2022," 10,000,000 ","""Hard to Find""",LEGENDARY,S2 925,0
Porsche,718 Cayman GT4 RS ,2022," 150,000 ",Autoshow (DLC: Super Speed Car Pack),EPIC,S1 850,-
Porsche,911 GT3 R ,2023," 250,000 ","""Hard to Find""",EPIC,S1 890,
Porsche,911 GT3 RS ,2023," 250,000 ","""Hard to Find""",EPIC,S1 867,
Porsche,911 Rallye ,2023," 250,000 ","""Hard to Find""",RARE,A 800,
Porsche,911 Turbo S ,2023," 250,000 ","""Hard to Find""",RARE,S1 857,
Porsche,Taycan Cross Turismo Turbo S ,2023," 250,000 ","""Hard to Find""",RARE,A 800,
Radical,RXC Turbo ,2015," 330,000 ",Wheelspin,EPIC,S2 928,
RAESR,Tachyon Speed ,2019," 1,050,000 ","""Hard to Find""",EPIC,S2 983,0
RAM,2500 Power Wagon ,2017," 47,000 ","Autoshow, Wheelspin",COMMON,D 467,
Reliant,Supervan III ,1972," 35,000 ","Autoshow, Wheelspin",COMMON,D 100,
Renault,8 Gordini ,1967," 65,000 ",Autoshow (DLC: Car Pass),COMMON,D 435,
Renault,4L Export ,1968," 20,000 ",Barn find,LEGENDARY,D 100,
Renault,5 Turbo ,1980," 120,000 ","Autoshow, Wheelspin, ""Finish Stronger"" accolade",RARE,C 521,
Renault,Clio Williams ,1993," 30,000 ","Autoshow, Wheelspin",COMMON,C 511,
Renault,Mégane R26.R ,2008," 28,000 ","Autoshow, Wheelspin",RARE,B 678,
Renault,Clio R.S. ,2010," 250,000 ","""Hard to Find""",COMMON,C 592,
Renault,Megane RS 250 ,2010," 250,000 ","""Hard to Find""",COMMON,B 657,0
Renault,Clio R.S. 200 EDC ,2013," 29,000 ","Autoshow, Wheelspin",COMMON,C 595,
Renault,Clio R.S. 16 Concept ,2016," 250,000 ","""Hard to Find""",RARE,B 686,
Renault,Megane R.S. ,2018," 37,000 ","Autoshow, Wheelspin, ""Matryoshka"" accolade",RARE,B 670,
Rimac,Concept Two ,2019," 2,000,000 ","Autoshow, Wheelspin",LEGENDARY,S2 963,
Rimac,Nevera ,2021," 3,000,000 ",Autoshow,LEGENDARY,S2 968,
Rivian,R1S ,2022," 250,000 ","""Hard to Find""",RARE,A 726,0
Rivian,R1T ,2022," 250,000 ","""Hard to Find""",EPIC,A 718,0
RJ Anderson,#37 Polaris RZR-Rockstar Energy Pro 2 Truck ,2016," 500,000 ","Autoshow, Wheelspin",EPIC,A 776,
RJ Anderson,#37 Polaris RZR Pro 4 Truck ,2021," 500,000 ","Apex Predators: Win ""The Narrows"", Autoshow (DLC: Rally Adventure)",EPIC,A 776,
Rossion,Q1 ,2010," 250,000 ","""Hard to Find""",EPIC,S1 813,
Saleen,S7 ,2004," 388,000 ",Wheelspin,EPIC,S1 855,
Saleen,S7 LM ,2017," 1,000,000 ",Autoshow (DLC: American Automotive Car Pack),EPIC,S2 918,-
Saleen,S1 ,2018," 200,000 ","Autoshow, Wheelspin",EPIC,S1 821,
Saleen,Sportruck XR Black Label ,2020," 150,000 ",Autoshow (DLC: Horizon Racing Car Pack),EPIC,B 666,-
Schuppan,962CR ,1993," 2,500,000 ","HW Academy: ""Great Expertations"", Autoshow (DLC: Hot Wheels)",COMMON,S1 869,
Shelby,Cobra 427 S/C ,1965," 2,100,000 ","Autoshow, Wheelspin",LEGENDARY,B 694,
Shelby,Cobra Daytona Coupé ,1965," 30,000,000 ","Autoshow, Wheelspin, ""The One With the Hairy Chest"" accolade",LEGENDARY,B 637,
Shelby,GT 500 ,1967," 250,000 ",Autoshow (DLC: Acceleration Car Pack),EPIC,C 577,-
SIERRA Cars,#23 Yokohama Alpha ,2020," 70,000 ","HW Academy: ""Hot Wheels Legend"", Autoshow (DLC: Hot Wheels)",EPIC,S2 986,0
SIERRA Cars,700R ,2021," 250,000 ","""Hard to Find""",RARE,D 414,0
SIERRA Cars,RX3 ,2021," 45,000 ","Autoshow, ""Unbeatable Cross-Country Racing"" accolade",RARE,A 737,
Spania GTA,GTA Spano ,2016," 800,000 ","""Hard to Find""",EPIC,S2 915,0
SUBARU,BRAT GL ,1980," 250,000 ","""Hard to Find""",COMMON,D 273,0
SUBARU,Legacy RS ,1990," 250,000 ","""Hard to Find""",COMMON,C 514,0
SUBARU,SVX ,1996," 250,000 ","""Hard to Find""",COMMON,C 574,0
SUBARU,Impreza 22B-STi Version ,1998," 110,000 ",Wheelspin,LEGENDARY,B 640,0
SUBARU,Impreza WRX STi ,2004," 28,000 ","Autoshow, Wheelspin",COMMON,B 652,
SUBARU,Impreza WRX STi ,2005," 51,000 ","Autoshow, Wheelspin",COMMON,B 669,
SUBARU,Impreza WRX STI ,2008," 31,000 ","Autoshow, Wheelspin",RARE,B 649,
SUBARU,WRX STI ,2011," 33,000 ","Autoshow, Wheelspin",RARE,B 668,
SUBARU,BRZ ,2013," 32,000 ","Autoshow, Wheelspin",COMMON,C 581,
SUBARU,WRX STI ,2015," 42,000 ","Autoshow, Wheelspin",COMMON,B 675,
SUBARU,WRX STI ARX Supercar ,2018," 500,000 ","HW Academy: ""Green Thrill Zone"", Autoshow (DLC: Hot Wheels)",COMMON,S1 849,
SUBARU,STI S209 ,2019," 70,000 ",Autoshow (DLC: Car Pass),COMMON,B 689,
SUBARU,BRZ ,2022," 250,000 ","""Hard to Find""",EPIC,B 673,0
SUBARU,WRX ,2022," 250,000 ","""Hard to Find""",EPIC,B 663,
Toyota,Sports 800 ,1965," 250,000 ","""Hard to Find""",RARE,D 246,
Toyota,2000GT ,1969," 750,000 ","Autoshow, Wheelspin",EPIC,D 487,
Toyota,Celica GT ,1974," 20,000 ","Autoshow, Wheelspin",RARE,D 315,
Toyota,FJ40 ,1979," 55,000 ","Autoshow, Wheelspin",COMMON,D 269,
Toyota,Sprinter Trueno GT Apex ,1985," 20,000 ",Wheelspin,EPIC,D 480,
Toyota,MR2 SC ,1989," 20,000 ","Autoshow, Wheelspin",RARE,C 502,
Toyota,Chaser GT Twin Turbo ,1991," 250,000 ","""Hard to Find""",RARE,C 597,
Toyota,Sera ,1991," 10,000 ",Autoshow (DLC: JDM Jewels Car Pack),RARE,D 447,
Toyota,Celica GT-Four RC ST185 ,1992," 25,000 ","Autoshow, Wheelspin, ""Gold Medal"" accolade",RARE,C 544,
Toyota,Supra 2.0 GT ,1992," 20,000 ","Autoshow, ""Trials and Tribulations"" accolade",RARE,C 558,
Toyota,#1 T100 Baja Truck ,1993," 500,000 ",Barn find,LEGENDARY,B 693,
Toyota,Celica GT-Four ST205 ,1994," 20,000 ","Wheelspin, ""Icebreaker"" accolade",EPIC,C 590,
Toyota,MR2 GT ,1995," 250,000 ","""Hard to Find""",RARE,B 632,
Toyota,Soarer 2.5 GT-T ,1997," 250,000 ","""Hard to Find""",RARE,B 601,0
Toyota,Supra RZ ,1998," 38,000 ","Autoshow, Wheelspin",RARE,B 646,
Toyota,"Supra RZ ""Welcome Pack"" ",1998," 38,000 ",Autoshow (DLC: Welcome Pack),COMMON,A 800,
Toyota,Celica Sport Specialty II ,2003," 250,000 ",Midnight Battle 3,RARE,C 557,
Toyota,Hilux Arctic Trucks AT38 ,2007," 250,000 ","""Hard to Find""",RARE,D 457,0
Toyota,86,2013," 28,800 ","Autoshow, Wheelspin",RARE,C 579,
Toyota,Land Cruiser Arctic Trucks AT37 ,2016," 250,000 ","""Hard to Find""",RARE,D 404,1
Toyota,4Runner TRD Pro ,2019," 250,000 ","""Hard to Find""",RARE,C 531,0
Toyota,Tacoma TRD Pro ,2019," 50,000 ",Autoshow (DLC: Car Pass),RARE,C 518,
Toyota,GR Supra ,2020," 55,000 ",Autoshow,RARE,A 731,
Toyota,Tundra TRD Pro ,2020," 60,000 ",Autoshow (DLC: Car Pass),RARE,C 562,
Toyota,GR Yaris ,2021," 250,000 ","""Hard to Find""",EPIC,B 672,
Toyota,GR86 ,2022," 250,000 ","""Hard to Find""",EPIC,B 676,
Toyota,Camry TRD ,2023," 250,000 ","""Hard to Find""",EPIC,B 645,
TVR,Cerbera Speed 12 ,1998," 500,000 ","Autoshow, Wheelspin, ""Master Leveller"" accolade",EPIC,S1 861,
TVR,Sagaris ,2005," 86,000 ","Autoshow, Wheelspin, ""'S1' Class Elite"" accolade",RARE,A 779,
TVR,Griffith ,2018," 105,000 ","Autoshow, Wheelspin",RARE,S1 825,
Ultima,Evolution Coupe 1020 ,2015," 300,000 ","Autoshow, Wheelspin",EPIC,S2 961,
Universal Studios,Back to the Future Time Machine 1 ,1981," 1,000,000 ",Autoshow (DLC: Universal Icons Car Pack),LEGENDARY,D 455,
Universal Studios,Back to the Future Time Machine 2 ,1981," 1,000,000 ",Autoshow (DLC: Universal Icons Car Pack),LEGENDARY,D 453,
Universal Studios,Back to the Future Time Machine 3 ,1981," 1,000,000 ",Autoshow (DLC: Universal Icons Car Pack),LEGENDARY,D 335,
Universal Studios,K.I.T.T. ,1982," 1,000,000 ",Autoshow (DLC: Universal Icons Car Pack),LEGENDARY,A 743,
Universal Studios,Jeep Wrangler Sahara 'Jurassic Park' ,1992," 1,000,000 ",Autoshow (DLC: Universal Icons Car Pack),LEGENDARY,D 344,
Vauxhall,Lotus Carlton ,1990," 250,000 ","""Hard to Find""",RARE,B 635,0
Vauxhall,Monaro VXR ,2005," 25,000 ","Autoshow, Wheelspin",COMMON,B 696,
Vauxhall,Corsa VXR ,2016," 28,000 ","Autoshow, Wheelspin",COMMON,C 584,
Volkswagen,Beetle ,1963," 20,000 ","""Safe Hands"" accolade",LEGENDARY,D 100,
Volkswagen,Beetle Forza Edition ,1963," 500,000 ","""Flexibility Beats Everything"" accolade",FORZA EDITION,S1 900,0
Volkswagen,Type 2 De Luxe ,1963," 40,000 ",Autoshow,RARE,D 100,
Volkswagen,Double Cab Pick-Up ,1966," 250,000 ","""Hard to Find""",RARE,D 100,
Volkswagen,Class 5/1600 Baja Bug ,1969," 60,000 ","Autoshow, Wheelspin",RARE,D 349,
Volkswagen,#1107 Desert Dingo Racing Stock Bug ,1970," 25,000 ","Autoshow, Wheelspin",RARE,D 371,
Volkswagen,Thing ,1973," 250,000 ","""Hard to Find""",COMMON,D 100,
Volkswagen,SP-2 ,1976," 250,000 ","""Hard to Find""",RARE,D 252,
Volkswagen,Scirocco S ,1981," 20,000 ","Autoshow, Wheelspin",COMMON,D 293,
Volkswagen,Pickup LX ,1982," 20,000 ",Autoshow (DLC: Car Pass),EPIC,D 100,
Volkswagen,Golf GTI ,1983," 20,000 ","Autoshow, Wheelspin",COMMON,D 428,
Volkswagen,Golf Gti 16v Mk2 ,1992," 20,000 ","Autoshow, Wheelspin",COMMON,D 429,
Volkswagen,Corrado VR6 ,1995," 20,000 ","Autoshow, Wheelspin",COMMON,C 533,
Volkswagen,GTI VR6 Mk3 ,1998," 25,000 ","Autoshow, Wheelspin",COMMON,C 510,
Volkswagen,Golf R32 ,2003," 20,000 ","Autoshow, Wheelspin",RARE,B 618,
Volkswagen,Golf R ,2010," 64,000 ","Autoshow, Wheelspin",RARE,B 645,
Volkswagen,Scirocco R ,2011," 45,000 ","Autoshow, Wheelspin",RARE,B 663,
Volkswagen,Santana ,2012," 20,000 ",Autoshow (DLC: Chinese Lucky Stars Car Pack),RARE,D 340,-
Volkswagen,Golf R ,2014," 50,000 ","Autoshow, Wheelspin",COMMON,B 663,
Volkswagen,#34 Volkswagen Andretti Rallycross Beetle ,2017," 500,000 ","Autoshow, Wheelspin",EPIC,S1 851,
Volkswagen,Golf R ,2021," 65,000 ",Autoshow (DLC: Car Pass),COMMON,B 668,
Volkswagen,ID.4 ,2021," 250,000 ","""Hard to Find""",RARE,C 527,0
Volkswagen,Golf R ,2022," 50,000 ",Autoshow (DLC: Super Speed Car Pack),RARE,B 672,-
Volvo,242 Turbo Evolution ,1983," 45,000 ","Autoshow, Wheelspin",COMMON,C 548,
Volvo,850 R ,1997," 25,000 ","Autoshow, Wheelspin",COMMON,C 511,
Volvo,C30 Polestar ,2013," 250,000 ","""Hard to Find""",RARE,B 626,
Volvo,V60 Polestar ,2015," 62,000 ","Autoshow, Wheelspin, ""Quality Assurance"" accolade",COMMON,B 662,
VUHL,05RR ,2017," 100,000 ","Autoshow, Wheelspin",EPIC,S1 886,
W Motors,Lykan HyperSport ,2016," 3,000,000 ","""Hard to Find""",LEGENDARY,S1 877,0
Willys,MB Jeep ,1945," 40,000 ","Autoshow, Wheelspin",COMMON,D 198,
Wuling,Sunshine S ,2013," 250,000 ","""Hard to Find""",RARE,D 207,
Wuling,Hongguang Mini EV Macaron ,2022," 25,000 ",Autoshow (DLC: Chinese Lucky Stars Car Pack),RARE,D 136,-
Xpeng,P7 ,2020," 60,000 ",Autoshow,RARE,A 722,
Zenvo,ST1 ,2016," 1,000,000 ","""Hard to Find""",LEGENDARY,S1 883,
Zenvo,TSR-S ,2019," 1,200,000 ","Autoshow, Wheelspin",LEGENDARY,S2 927,
