Brand,Year,Vehicle,Value,Car Type,Collection,PI
Abarth,1968,595 esseesse,35000,Cult Classics,Autoshow,D 100
Abarth,1980,Fiat 131,38000,Classic Rally,Autoshow,D 477
Abarth,2010,500 esseesse,35000,Hot Hatch,Autoshow,C 563
Abarth,2016,695 Biposto,48000,Hot Hatch,Autoshow,B 625
Acura,2001,Integra Type-R,25000,Retro Hot Hatch,Autoshow,C 571
Acura,2002,RSX Type-S,25000,Hot Hatch,Autoshow,C 568
Acura,2017,NSX,170000,Modern Supercars,Autoshow (DLC: Alpinestars Car Pack),S1 868
Alfa,1965,Romeo Giulia Sprint GTA Stradale,300000,Rare Classics,Autoshow,D 252
Alfa,1965,Romeo Giulia TZ2,1000000,Classic Racers,Autoshow,C 573
Alfa,1968,Romeo 33 Stradale,10000000,Classic Racers,Autoshow,B 648
Alfa,1992,Romeo 155 Q4,25000,Retro Saloons,Autoshow,C 578
Alfa,1992,Romeo Milano Quadrifoglio Verde,25000,Retro Saloons,Autoshow,C 545
Alfa,2007,Romeo 8C Competizione,300000,GT Cars,Autoshow,A 766
Alfa,2014,Romeo 4C,74000,European Sports Cars,Autoshow,A 758
Alumi,2015,Craft Class 10 Race Car,100000,Buggies,Autoshow,B 692
AMC,1970,Rebel 'The Machine',30000,Classic Muscle,Autoshow,C 522
AMC,1971,Javelin AMX,35000,Classic Muscle,Autoshow,C 524
AMC,1973,Gremlin X,35000,Cult Classics,Autoshow (DLC: Mountain Dew Car Pack),D 371
AMC,1977,Pacer X,35000,Cult Classics,Barn Find (Forzathon),D 274
AMG,2554,Transport Dynamics M12S Warthog CST,850000,Extreme Offroad,Autoshow,A 800
Ariel,2013,Atom 500 V8,108000,Extreme Track Toys,Autoshow,S2 974
Ariel,2016,Nomad,93000,Buggies,Autoshow,A 749
Aston,1964,Martin DB5,800000,Rare Classics,Autoshow,C 553
Aston,1977,Martin V8 Vantage,100000,Rare Classics,Autoshow,C 561
Aston,1998,Martin V8 Vantage V600,342000,Retro Supercars,Autoshow,A 738
Aston,2010,Martin One-77,1400000,Super GT,Autoshow,S1 871
Aston,2012,Martin V12 Zagato,500000,Super GT,Autoshow,S1 802
Aston,2012,Martin Vanquish,348000,Super GT,Autoshow,S1 810
Aston,2013,Martin V12 Vantage S,240000,Super GT,Autoshow,S1 817
Aston,2016,Martin Vantage GT12,400000,Extreme Track Toys,Autoshow,S1 865
Aston,2016,Martin Vulcan,1500000,Hypercars,Autoshow (DLC: The Smoking Tire Car Pack),S2 959
Aston,2017,Martin DB11,220000,Super GT,Autoshow (DLC: Playseat Car Pack),S1 805
Audi,1983,Sport quattro,175000,Rally Monsters,Autoshow,B 639
Audi,1986,#2 Audi Sport quattro S1,375000,Rally Monsters,Autoshow,S1 896
Audi,1995,RS 2 Avant,50000,Retro Saloons,Autoshow,B 638
Audi,2006,RS 4,53000,Super Saloons,Autoshow,A 731
Audi,2011,RS 3 Sportback,42000,Super Hot Hatch,Autoshow,B 650
Audi,2011,RS 5 Coupé,88000,Super Saloons,Autoshow,A 767
Audi,2013,R8 Coupé V10 plus 5.2 FSI quattro,198000,Modern Supercars,Autoshow,S1 842
Audi,2013,RS 4 Avant,83000,Super Saloons,Autoshow,A 756
Audi,2014,#45 Flying Lizard Motorsports R8 LMS ultra,650000,Extreme Track Toys,Autoshow (DLC: All-Stars Car Pack),S2 960
Audi,2015,S1,35000,Super Hot Hatch,Autoshow,B 625
Audi,2015,TTS Coupé,52000,European Sports Cars,Autoshow,A 739
Audi,2016,R8 V10 plus,242000,Modern Supercars,Autoshow,S1 879
Audi,2016,R8 V10 plus Preorder Car,242000,Modern Supercars,Autoshow,S1 900
BAC,2014,Mono,160000,Extreme Track Toys,Autoshow,S1 900
BAC,2014,Mono Horizon Edition,210000,Extreme Track Toys,Wheelspin,S1 900
Baldwin,2015,Motorsports #97 Monster Energy Trophy Truck,600000,Extreme Offroad,Autoshow,A 796
Bentley,2013,Continental GT Speed,242000,GT Cars,Autoshow,A 795
Bentley,2014,#7 M-Sport Bentley Continental GT3,650000,Extreme Track Toys,Forzathon,S2 959
Bentley,2015,EXP 10 Speed 6 Concept,550000,GT Cars,Autoshow (DLC: Logitech G Car Pack),S1 811
Bentley,2016,Bentayga,180000,Sports Utility Heroes,Autoshow (DLC: Rockstar Energy Car Pack),A 751
Bentley,2017,Continental Supersports,200000,GT Cars,Forzathon,S1 811
BMW,1957,Isetta 300 Export,45000,Cult Classics,Autoshow,D 100
BMW,1959,507,1250000,Rare Classics,Autoshow (DLC: Duracell Car Pack),D 371
BMW,1973,2002 Turbo,26000,Cult Classics,Autoshow,D 500
BMW,1981,M1,585000,Retro Supercars,Autoshow,C 581
BMW,1986,M635 CSi,52000,Retro Saloons,Autoshow,B 612
BMW,1988,M5,54000,Retro Saloons,Autoshow,C 594
BMW,1991,M3,70000,Retro Saloons,Autoshow,C 598
BMW,1995,M5,25000,Retro Saloons,Autoshow,B 655
BMW,1997,M3,35000,Retro Saloons,Autoshow,B 654
BMW,1997,M3 Horizon Edition,85000,Retro Saloons,Autoshow,A 775
BMW,2005,M3,33000,Super Saloons,Autoshow,B 671
BMW,2008,M3,48000,Super Saloons,Autoshow,A 734
BMW,2011,1 Series M Coupe,55000,Super Saloons,Autoshow,A 722
BMW,2011,X5 M,100000,Sports Utility Heroes,Autoshow,B 699
BMW,2011,Z4 sDrive35is,58000,European Sports Cars,Autoshow,A 715
BMW,2012,M5,112000,Super Saloons,Autoshow,A 795
BMW,2013,M6 Coupe,120000,GT Cars,Autoshow,A 770
BMW,2014,#55 BMW Team RLL Z4 GTE,650000,Extreme Track Toys,Autoshow (DLC: All-Stars Car Pack),S2 952
BMW,2014,M4 Coupe,92000,Super Saloons,Autoshow,A 800
BMW,2014,M4 Coupe Horizon Edition,142000,Super Saloons,Autoshow,S1 826
BMW,2014,M235i,72000,Super Saloons,Autoshow,B 700
BMW,2015,i8,140000,Modern Supercars,Autoshow (DLC: Rockstar Energy Car Pack),A 796
BMW,2015,X6 M,130000,Sports Utility Heroes,Autoshow,A 719
BMW,2016,M2 Coupé,69000,European Sports Cars,Autoshow (DLC: The Smoking Tire Car Pack),A 723
BMW,2016,M4 GTS,135000,Super Saloons,Autoshow (DLC: Alpinestars Car Pack),S1 849
Bowler,2012,EXR S,200000,Extreme Offroad,Autoshow,S1 809
Bugatti,1992,EB110 Super Sport,1700000,Retro Supercars,Autoshow,S1 841
Bugatti,2011,Veyron Super Sport,2200000,Hypercars,Autoshow,S2 934
Buick,1987,Regal GNX,130000,Retro Muscle,Autoshow,C 548
Cadillac,2011,CTS-V Coupe,63000,Modern Muscle,Autoshow,A 739
Cadillac,2012,Escalade ESV,90000,Sports Utility Heroes,Autoshow,B 643
Cadillac,2016,ATS-V,65000,Modern Muscle,Autoshow (DLC: Playseat Car Pack),A 728
Cadillac,2016,CTS-V Sedan,80000,Modern Muscle,Autoshow,A 769
Caterham,2013,Superlight R500,82000,Extreme Track Toys,Autoshow,A 751
Chevrolet,1953,Corvette,135000,Cult Classics,Autoshow,D 428
Chevrolet,1957,Bel Air,130000,Rods and Customs,Autoshow,D 485
Chevrolet,1960,Corvette,150000,Cult Classics,Autoshow,C 513
Chevrolet,1964,Impala Super Sport 409,46000,Rods and Customs,Autoshow,C 537
Chevrolet,1966,Nova Super Sport,70000,Classic Muscle,Autoshow,C 532
Chevrolet,1967,Chevelle Super Sport 396,83000,Classic Muscle,Autoshow,C 534
Chevrolet,1967,Corvette Stingray 427,150000,Classic Muscle,Autoshow,C 572
Chevrolet,1969,Camaro Super Sport Coupe,110000,Classic Muscle,Autoshow,C 528
Chevrolet,1969,Camaro Super Sport Coupe Horizon Edition,160000,Classic Muscle,Wheelspin,B 612
Chevrolet,1970,Camaro Z28,53000,Classic Muscle,Autoshow,C 527
Chevrolet,1970,Chevelle Super Sport 454,80000,Classic Muscle,Autoshow,C 524
Chevrolet,1970,Chevelle Super Sport 454 Horizon Edition,130000,Classic Muscle,Forzathon,B 604
Chevrolet,1970,Corvette ZR-1,310000,Classic Muscle,Autoshow,C 563
Chevrolet,1970,El Camino Super Sport 454,65000,Vans and Utility,Autoshow,C 538
Chevrolet,1971,Vega GT,75000,Classic Muscle,Autoshow (DLC: Mountain Dew Car Pack),D 397
Chevrolet,1979,Camaro Z28,35000,Classic Muscle,Autoshow,D 495
Chevrolet,1988,Monte Carlo Super Sport,25000,Retro Muscle,Autoshow,C 538
Chevrolet,1990,Camaro IROC-Z,25000,Retro Muscle,Autoshow,C 540
Chevrolet,1995,Corvette ZR-1,45000,Retro Muscle,Autoshow,A 735
Chevrolet,2002,Corvette Z06,35000,Modern Muscle,Autoshow,A 745
Chevrolet,2009,Corvette ZR1,125000,Modern Muscle,Autoshow,S1 829
Chevrolet,2014,#3 Corvette Racing Corvette C7.R,650000,Extreme Track Toys,Autoshow (DLC: All-Stars Car Pack),S2 954
Chevrolet,2014,Super Sport,55000,Modern Muscle,Autoshow,A 722
Chevrolet,2015,Camaro Z/28,86000,Modern Muscle,Autoshow,S1 837
Chevrolet,2015,Corvette Z06,110000,Modern Muscle,Autoshow,S1 883
Chevrolet,2015,Corvette Z06 Horizon Edition,110000,Modern Muscle,Wheelspin,S1 883
Chevrolet,2016,Camaro Super Sport,45000,Modern Muscle,Autoshow,A 737
Chevrolet,2017,Camaro ZL1,60000,Modern Muscle,Autoshow (DLC: Duracell Car Pack),S1 841
Chrysler,1972,VH Valiant Charger R/T E49,60000,Classic Muscle,Autoshow (DLC: Hot Wheels Expansion),C 529
Chrysler,2012,300 SRT8,50000,Modern Muscle,Autoshow,A 715
Datsun,1969,2000 Roadster,25000,Cult Classics,Autoshow,D 219
Datsun,1970,510,25000,Cult Classics,Autoshow,D 252
Dodge,1968,Dart HEMI Super Stock,125000,Classic Muscle,Autoshow,B 670
Dodge,1968,Dart Hemi Super Stock Horizon Edition,175000,Classic Muscle,Autoshow,A 762
Dodge,1969,Charger Daytona HEMI,900000,Classic Muscle,Barn Find,C 549
Dodge,1969,Charger R/T,103000,Classic Muscle,Autoshow,C 534
Dodge,1970,Challenger R/T,210000,Classic Muscle,Autoshow,C 540
Dodge,1999,Viper GTS ACR,75000,Retro Muscle,Autoshow,A 735
Dodge,2008,Viper SRT10 ACR,140000,Modern Muscle,Autoshow,S1 891
Dodge,2008,Viper SRT10 ACR Horizon Edition,190000,Modern Muscle,Wheelspin,S2 912
Dodge,2013,Dart GT,22000,Hot Hatch,Autoshow (DLC: Mountain Dew Car Pack),C 567
Dodge,2014,#93 SRT Motorsports Viper GTS-R,650000,Extreme Track Toys,Autoshow (DLC: All-Stars Car Pack),S2 950
Dodge,2015,Challenger SRT Hellcat,75000,Modern Muscle,Autoshow,A 766
Dodge,2015,Challenger SRT Hellcat Preorder Car,75000,Modern Muscle,Autoshow,A 800
Dodge,2015,Challenger SRT Hellcat Horizon Edition,75000,Modern Muscle,Wheelspin,A 766
Dodge,2015,Charger SRT Hellcat,80000,Modern Muscle,Autoshow,A 773
Dodge,2016,Viper ACR,130000,Modern Muscle,Autoshow (DLC: Alpinestars Car Pack),S2 927
Donkervoort,2013,D8 GTO,175000,Extreme Track Toys,Autoshow,S1 828
Ferrari,1948,166MM Barchetta,6500000,Classic Racers,Autoshow (DLC: All-Stars Car Pack),C 514
Ferrari,1953,500 Mondial,1000000,Classic Racers,Autoshow,C 527
Ferrari,1957,250 California,8000000,Rare Classics,Autoshow,C 537
Ferrari,1957,250 Testa Rossa,10000000,Classic Racers,Autoshow,B 673
Ferrari,1962,250 GT Berlinetta Lusso,2600000,Rare Classics,Autoshow,C 551
Ferrari,1962,250 GTO,10000000,Classic Racers,Autoshow,B 660
Ferrari,1963,250LM,10000000,Classic Racers,Forzathon,B 638
Ferrari,1967,330 P4,2300000,Classic Racers,Autoshow,A 765
Ferrari,1968,365 GTB/4,600000,Rare Classics,Autoshow,C 584
Ferrari,1969,Dino 246 GT,425000,Rare Classics,Barn Find,C 542
Ferrari,1984,288 GTO,3100000,Retro Supercars,Autoshow,A 733
Ferrari,1987,F40,1200000,Retro Supercars,Autoshow,A 776
Ferrari,1992,512 TR,270000,Retro Supercars,Autoshow,A 726
Ferrari,1994,F355 Berlinetta,190000,Retro Supercars,Autoshow,A 734
Ferrari,1995,F50,2000000,Retro Supercars,Autoshow,A 787
Ferrari,1996,F50 GT,1200000,Extreme Track Toys,Autoshow (DLC: Mountain Dew Car Pack),S2 990
Ferrari,2002,575M Maranello,140000,Retro Supercars,Autoshow,A 731
Ferrari,2002,Enzo,2800000,Modern Supercars,Autoshow,S1 881
Ferrari,2003,360 Challenge Stradale,200000,Modern Supercars,Autoshow,S1 810
Ferrari,2007,430 Scuderia,300000,Modern Supercars,Autoshow,S1 838
Ferrari,2008,California,150000,GT Cars,Autoshow,A 754
Ferrari,2009,458 Italia,225000,Modern Supercars,Autoshow,S1 849
Ferrari,2010,599 GTO,690000,Super GT,Autoshow,S1 881
Ferrari,2010,599XX,1000000,Extreme Track Toys,Forzathon,S2 947
Ferrari,2011,FF,255000,Modern Supercars,Autoshow,S1 830
Ferrari,2012,F12berlinetta,380000,Super GT,Autoshow,S1 875
Ferrari,2013,458 Speciale,340000,Modern Supercars,Autoshow,S2 903
Ferrari,2013,LaFerrari,1500000,Hypercars,Autoshow,S2 981
Ferrari,2014,#51 AF Corse 458 Italia GTE,650000,Extreme Track Toys,Autoshow (DLC: All-Stars Car Pack),S2 952
Ferrari,2014,California T,240000,Super GT,Autoshow,S1 805
Ferrari,2014,FXX K,2700000,Extreme Track Toys,Autoshow,S2 998
Ferrari,2015,488 GTB,290000,Modern Supercars,Autoshow,S1 900
Ferrari,2015,488 GTB Preorder Car,290000,Modern Supercars,Autoshow,S1 900
Ferrari,2015,F12tdf,500000,Super GT,Autoshow (DLC: VIP),S2 916
FIAT,1952,8V Supersonic,1800000,Rare Classics,Autoshow,D 222
FIAT,1969,Dino 2.4 Coupé,60000,Classic Racers,Autoshow,D 336
FIAT,1975,X1/9,25000,Cult Classics,Autoshow,D 159
FIAT,1980,124 Sport Spider,25000,Cult Classics,Autoshow,D 308
Ford,1932,De Luxe Five-Window Coupe,35000,Rods and Customs,Barn Find (DLC: Hot Wheels Expansion),D 100
Ford,1940,De Luxe Coupe,44000,Rods and Customs,Autoshow,D 100
Ford,1946,Super Deluxe Station Wagon,75000,Classic Muscle,Barn Find,D 100
Ford,1956,F-100,36000,Rods and Customs,Autoshow,D 181
Ford,1966,F-100 Flareside Abatti Racing Trophy Truck,300000,Extreme Offroad,Autoshow (DLC: Blizzard Mountain Expansion),A 789
Ford,1966,GT40 Mk II,3300000,Classic Racers,Autoshow,A 773
Ford,1966,Lotus Cortina,50000,Classic Racers,Autoshow,D 317
Ford,1967,Falcon XR GT,55000,Classic Muscle,Autoshow (DLC: Alpinestars Car Pack),C 503
Ford,1969,Mustang Boss 302,230000,Classic Muscle,Autoshow,C 529
Ford,1969,Mustang Boss 302 Horizon Edition,280000,Classic Muscle,Wheelspin,B 649
Ford,1971,Falcon XY GTHO Phase III,60000,Classic Muscle,Autoshow,C 518
Ford,1972,Falcon XA GT-HO,80000,Classic Muscle,Autoshow (DLC: Rockstar Energy Car Pack),C 551
Ford,1973,Capri RS3100,55000,Cult Classics,Autoshow,D 480
Ford,1973,Escort RS1600,73000,Classic Rally,Autoshow,D 451
Ford,1973,XB Falcon GT,60000,Classic Muscle,Barn Find,C 515
Ford,1975,Bronco,38000,Offroad,Autoshow,D 378
Ford,1977,Escort RS1800,88000,Classic Rally,Autoshow,D 252
Ford,1978,Mustang II King Cobra,25000,Classic Muscle,Autoshow,D 464
Ford,1981,Fiesta XR2,25000,Retro Hot Hatch,Autoshow,D 278
Ford,1985,RS200 Evolution,260000,Rally Monsters,Autoshow,S1 848
Ford,1987,Sierra Cosworth RS500,66000,Retro Saloons,Autoshow,B 620
Ford,1992,Escort RS Cosworth,66000,Retro Rally,Autoshow,C 594
Ford,1992,Escort RS Cosworth Horizon Edition,116000,Retro Rally,Wheelspin,A 729
Ford,1992,Falcon GT,25000,Retro Muscle,Autoshow (DLC: Duracell Car Pack),C 597
Ford,1993,SVT Cobra R,28000,Retro Muscle,Autoshow,C 574
Ford,1995,SVT Cobra R,29000,Retro Muscle,Autoshow,B 607
Ford,2000,SVT Cobra R,55000,Retro Muscle,Autoshow,B 673
Ford,2003,Focus RS,30000,Super Hot Hatch,Autoshow,B 608
Ford,2005,GT,300000,Modern Supercars,Autoshow,S2 913
Ford,2009,Focus RS,44000,Super Hot Hatch,Autoshow,B 655
Ford,2010,Crown Victoria Police Interceptor,25000,Retro Muscle,Autoshow (DLC: The Smoking Tire Car Pack),C 562
Ford,2011,F-150 SVT Raptor,42000,Offroad,Autoshow,B 627
Ford,2011,Transit SuperSportVan,50000,Vans and Utility,Autoshow,D 371
Ford,2013,F-150 SVT Raptor Shelby,85000,Offroad,Autoshow,B 666
Ford,2013,Focus ST,35000,Super Hot Hatch,Autoshow,B 636
Ford,2013,Shelby GT500,115000,Modern Muscle,Autoshow,A 789
Ford,2014,#11 Rockstar F-150 Trophy Truck,600000,Extreme Offroad,Autoshow (DLC: Rockstar Energy Car Pack),A 798
Ford,2014,Fiesta ST,25000,Hot Hatch,Autoshow,B 604
Ford,2014,FPV Limited Edition Pursuit Ute,50000,Vans and Utility,Autoshow,B 680
Ford,2014,FPV Limited Edition Pursuit Ute Horizon Edition,100000,Vans and Utility,Wheelspin,A 715
Ford,2014,Ranger T6 Rally Raid,875000,Extreme Offroad,Autoshow,A 763
Ford,2015,#17 Xbox Racing Ford Falcon FG X,650000,Extreme Track Toys,Forzathon,S1 900
Ford,2015,Falcon GT F 351,60000,Modern Muscle,Autoshow (DLC: VIP),A 728
Ford,2015,Falcon XR8,60000,Modern Muscle,Autoshow,A 715
Ford,2016,#55 Supercheap Falcon FG X,650000,Extreme Track Toys,Autoshow (DLC: All-Stars Car Pack),S1 900
Ford,2016,#66 Ford Racing GT Le Mans,650000,Extreme Track Toys,Autoshow (DLC: All-Stars Car Pack),S2 966
Ford,2016,Gymkhana 9 Focus RS RX,500000,Rally Monsters,Autoshow (DLC: Blizzard Mountain Expansion),S1 896
Ford,2016,Shelby GT350R,75000,Modern Muscle,Autoshow,S1 820
Ford,2016,Shelby GT350R Preorder Car,75000,Modern Muscle,Autoshow,S1 900
Ford,2017,F-150 Raptor,63000,Offroad,Autoshow,B 636
Ford,2017,F-150 Raptor Horizon Edition,113000,Offroad,Wheelspin,A 738
Ford,2017,F-150 Raptor Race Truck,63000,Offroad,Autoshow,B 636
Ford,2017,Focus RS,43000,Super Hot Hatch,Autoshow,A 784
Ford,2017,Focus RS Horizon Edition,93000,Super Hot Hatch,Wheelspin,A 784
Ford,2017,GT,400000,Modern Supercars,Autoshow,S2 913
Ford,2017,GT Horizon Edition,400000,Modern Supercars,Wheelspin,S2 932
GMC,1983,Vandura G-1500,25000,Vans and Utility,Autoshow,D 176
GMC,1991,Syclone,25000,Vans and Utility,Autoshow,C 588
HDT,1985,VK Commodore Group A,28000,Retro Muscle,Autoshow (DLC: Playseat Car Pack),C 579
Hennessey,2012,Venom GT,1200000,Hypercars,Autoshow,S2 941
Holden,1951,50-2106 FX Ute,35000,Vans and Utility,Barn Find,D 100
Holden,1951,FX Sedan,33000,Cult Classics,Autoshow (DLC: Mountain Dew Car Pack),D 100
Holden,1973,HQ Monaro GTS 350,75000,Classic Muscle,Barn Find,C 514
Holden,1974,Sandman HQ Panelvan,55000,Vans and Utility,Barn Find,C 502
Holden,1977,Torana A9X,130000,Classic Muscle,Autoshow,D 494
Holden,1977,Torana A9X Horizon Edition,180000,Classic Muscle,Wheelspin,C 577
Holden,1988,VL Commodore Group A SV,46000,Retro Muscle,Autoshow,C 542
Holden,2016,#22 Sharkbite HRT VF Commodore,650000,Extreme Track Toys,Autoshow (DLC: All-Stars Car Pack),S1 900
Honda,1970,S800,25000,Cult Classics,Autoshow (DLC: Playseat Car Pack),D 229
Honda,1992,NSX-R,90000,Asian Sports Cars,Autoshow,B 664
Honda,1997,Civic Type R,25000,Retro Hot Hatch,Autoshow,C 565
Honda,2004,Civic Type-R,25000,Hot Hatch,Autoshow,C 573
Honda,2005,NSX-R,150000,Asian Sports Cars,Autoshow,B 684
Honda,2009,S2000 CR,25000,Asian Sports Cars,Autoshow,B 620
Honda,2016,Civic Type R,38000,Super Hot Hatch,Autoshow (DLC: Playseat Car Pack),A 713
Hoonigan,1955,Chevrolet Bel Air,76000,Rods and Customs,Autoshow (DLC: Hoonigan Car Pack),C 592
Hoonigan,1965,"Ford ""Hoonicorn"" Mustang",1000000,Extreme Track Toys,Autoshow (DLC: Hoonigan Car Pack),S2 962
Hoonigan,1972,"Chevrolet ""Napalm Nova""",50000,Classic Muscle,Autoshow (DLC: Hoonigan Car Pack),A 721
Hoonigan,1978,Ford Escort RS1800,150000,Extreme Track Toys,Autoshow (DLC: Hoonigan Car Pack),S1 807
Hoonigan,1979,"Baldwin Motorsports ""Loki"" K5 Blazer",250000,Extreme Offroad,Autoshow (DLC: Hoonigan Car Pack),A 747
Hoonigan,1991,Rauh-Welt Begriff Porsche 911 Turbo,160000,Extreme Track Toys,Autoshow (DLC: Hoonigan Car Pack),S1 855
Hoonigan,1992,Mazda RX-7 Twerkstallion,30000,Extreme Track Toys,Autoshow (DLC: Hoonigan Car Pack),S1 825
Hot,1969,Wheels Twin Mill,110000,Rods and Customs,Autoshow (DLC: Hot Wheels Expansion),S1 900
Hot,2005,Wheels Bone Shaker,150000,Rods and Customs,Autoshow (DLC: Hot Wheels Expansion),A 797
Hot,2005,Wheels Mustang,50000,Extreme Track Toys,Autoshow (DLC: Hot Wheels Expansion),S1 900
Hot,2012,Wheels Rip Rod,75000,Buggies,Autoshow (DLC: Hot Wheels Expansion),B 700
HSV,1996,GTSR,85000,Retro Muscle,Autoshow (DLC: Logitech G Car Pack),B 669
HSV,2014,GTS,75000,Modern Muscle,Autoshow,A 735
HSV,2014,Limited Edition Gen-F GTS Maloo,62000,Vans and Utility,Autoshow,A 760
Hummer,2006,H1 Alpha,112000,Offroad,Autoshow,C 562
Hyundai,2013,Genesis Coupe 3.8 Track,32000,Asian Sports Cars,Autoshow,B 698
Infiniti,2012,IPL G Coupe,52000,Asian Sports Cars,Autoshow,B 679
Infiniti,2014,Q50 Eau Rouge,100000,Super Saloons,Autoshow,A 798
Infiniti,2015,Q60 Concept,50000,Super Saloons,Autoshow,A 743
International,1970,Scout 800A,40000,Offroad,Autoshow (DLC: Blizzard Mountain Expansion),D 342
Jaguar,1954,XK 120 SE,120000,Rare Classics,Autoshow,D 484
Jaguar,1956,D-Type,2700000,Classic Racers,Autoshow,B 672
Jaguar,1959,Mk II 3.8,80000,Classic Racers,Barn Find,D 278
Jaguar,1961,E-type S1,150000,Rare Classics,Autoshow,C 538
Jaguar,1990,XJ-S,25000,Cult Classics,Autoshow,C 594
Jaguar,1993,XJ220,350000,Retro Supercars,Autoshow,A 782
Jaguar,1993,XJ220 Horizon Edition,400000,Retro Supercars,Wheelspin,S1 859
Jaguar,2015,F-TYPE R Coupe,110000,GT Cars,Autoshow,A 780
Jaguar,2015,XE-S,57000,Super Saloons,Autoshow (DLC: Duracell Car Pack),A 727
Jaguar,2015,XKR-S GT,190000,Super GT,Autoshow,S1 804
Jaguar,2015,XFR-S,110000,Super Saloons,Autoshow,A 754
Jaguar,2016,F-TYPE Project 7,190000,Extreme Track Toys,Autoshow,S1 804
Jaguar,2016,F-Type Project 7 Horizon Edition,240000,Extreme Track Toys,Wheelspin,S1 830
Jaguar,2016,F-TYPE Project 7 Preorder Car,190000,Extreme Track Toys,Autoshow,S1 900
Jaguar,2017,F-Pace S,55000,Sports Utility Heroes,Autoshow (DLC: Logitech G Car Pack),B 671
Jeep,1945,Willys MB,26000,Offroad,Autoshow,D 114
Jeep,1976,CJ5 Renegade,60000,Offroad,Autoshow (DLC: The Smoking Tire Car Pack),D 333
Jeep,1991,Grand Wagoneer,26000,Cult Classics,Autoshow,D 270
Jeep,2012,Wrangler Rubicon,50000,Offroad,Autoshow,C 574
Jeep,2014,Grand Cherokee SRT,80000,Sports Utility Heroes,Autoshow,A 722
Jeep,2016,Trailcat,75000,Extreme Offroad,Autoshow (DLC: Hot Wheels Expansion),S1 817
Koenigsegg,2011,Agera,1500000,Hypercars,Autoshow,S2 929
Koenigsegg,2015,One:1,2850000,Hypercars,Autoshow,S2 993
Koenigsegg,2016,Regera,1900000,Hypercars,Autoshow (DLC: VIP),S2 939
KTM,2013,X-Bow R,105000,Extreme Track Toys,Autoshow,S1 826
Lamborghini,1967,Miura P400,1000000,Rare Classics,Autoshow,C 568
Lamborghini,1986,LM 002,180000,Offroad,Barn Find,B 631
Lamborghini,1988,Countach LP5000 QV,220000,Retro Supercars,Autoshow,A 729
Lamborghini,1988,Countach LP5000 QV Horizon Edition,270000,Retro Supercars,Wheelspin,S1 836
Lamborghini,1988,Jalpa,85000,Retro Supercars,Autoshow,B 605
Lamborghini,1997,Diablo SV,174000,Retro Supercars,Autoshow,A 787
Lamborghini,2008,Reventón,1375000,Modern Supercars,Autoshow,S1 848
Lamborghini,2010,Murciélago LP 670-4 SV,500000,Modern Supercars,Autoshow,S1 862
Lamborghini,2011,Gallardo LP 570-4 Superleggera,180000,Modern Supercars,Autoshow,S1 851
Lamborghini,2011,Sesto Elemento,2500000,Extreme Track Toys,Forzathon,S2 959
Lamborghini,2012,Aventador LP700-4,310000,Hypercars,Autoshow,S2 904
Lamborghini,2013,Veneno,4500000,Hypercars,Autoshow,S2 964
Lamborghini,2014,Huracán LP 610-4,240000,Modern Supercars,Autoshow,S1 891
Lamborghini,2014,Huracan LP 610-4 Horizon Edition,290000,Modern Supercars,Wheelspin,S1 891
Lamborghini,2014,Urus Concept,150000,Sports Utility Heroes,Autoshow,A 799
Lamborghini,2015,#63 Squadra Corse Huracán LP620-2 Super Trofeo,600000,Extreme Track Toys,Autoshow (DLC: All-Stars Car Pack),S2 958
Lamborghini,2016,Aventador LP750-4 SV,480000,Hypercars,Autoshow (DLC: VIP),S2 922
Lamborghini,2016,Centenario LP 770-4,2300000,Hypercars,Autoshow,S2 956
Lancia,1968,Fulvia Coupé Rallye 1.6 HF,60000,Classic Rally,Autoshow,D 386
Lancia,1974,Stratos HF Stradale,550000,Classic Rally,Autoshow,C 550
Lancia,1975,Stratos HF Group 4,490000,Rally Monsters,Autoshow (DLC: Blizzard Mountain Expansion),A 800
Lancia,1982,037 Stradale,375000,Rally Monsters,Autoshow,B 608
Lancia,1985,Delta S4 Group B,490000,Rally Monsters,Autoshow (DLC: Blizzard Mountain Expansion),S1 889
Lancia,1986,Delta S4,146000,Rally Monsters,Autoshow,B 640
Lancia,1992,Delta HF Integrale Evo,60000,Retro Rally,Autoshow,C 576
Land,1972,Rover Series III,20000,Offroad,Autoshow (DLC: Duracell Car Pack),D 100
Land,1997,Rover Defender 90,65000,Offroad,Autoshow,C 524
Land,2014,Rover Range Rover Supercharged,102000,Sports Utility Heroes,Autoshow,A 726
Land,2015,Rover Range Rover Sport SVR,133000,Sports Utility Heroes,Autoshow,A 733
Lexus,1997,SC300,25000,Asian Sports Cars,Autoshow,C 533
Lexus,2009,IS F,72000,Super Saloons,Autoshow,A 730
Lexus,2010,LFA,400000,Modern Supercars,Autoshow,S1 820
Lexus,2013,GS350 F Sport,66000,Super Saloons,Autoshow,B 647
Lexus,2014,IS 350 F Sport,52000,Super Saloons,Autoshow,B 654
Lexus,2015,RC F,75000,Super Saloons,Autoshow,A 764
Local,2014,Motors Rally Fighter,100000,Extreme Offroad,Autoshow,A 777
Lola,1969,#6 Penske Sunoco T70 MkIIIB,850000,Classic Racers,Forzathon,S1 837
Lotus,1956,Eleven,140000,Rare Classics,Autoshow,C 510
Lotus,2000,340R,40000,Extreme Track Toys,Autoshow (DLC: The Smoking Tire Car Pack),A 714
Lotus,2002,Esprit V8,42000,Retro Supercars,Autoshow,A 744
Lotus,2005,Elise 111S,32000,European Sports Cars,Autoshow,B 680
Lotus,2009,2-Eleven,70000,Extreme Track Toys,Autoshow,S1 801
Lotus,2011,Evora S,43000,European Sports Cars,Autoshow,A 741
Lotus,2012,Exige S,85000,European Sports Cars,Autoshow,A 774
Lotus,2016,3-Eleven,150000,Extreme Track Toys,Autoshow (DLC: Mountain Dew Car Pack),S1 871
Maserati,1953,A6GCS/53 Pininfarina Berlinetta,2000000,Rare Classics,Barn Find,D 398
Maserati,1957,300 S,1900000,Classic Racers,Autoshow,B 671
Maserati,1961,Tipo 61 Birdcage,2400000,Classic Racers,Autoshow,A 704
Maserati,2004,MC12,1000000,Modern Supercars,Autoshow,S1 875
Maserati,2010,Gran Turismo S,156000,GT Cars,Autoshow,A 729
Maserati,2014,Ghibli S Q4,91000,Super Saloons,Autoshow,A 742
Mazda,1972,Cosmo 110S Series II,110000,Cult Classics,Autoshow,D 317
Mazda,1990,Savanna RX-7,25000,Asian Sports Cars,Autoshow (DLC: Alpinestars Car Pack),C 588
Mazda,1994,MX-5 Miata,25000,Asian Sports Cars,Autoshow,D 486
Mazda,1997,RX-7,35000,Asian Sports Cars,Autoshow,B 643
Mazda,2005,Mazdaspeed MX-5,25000,Asian Sports Cars,Autoshow,C 584
Mazda,2010,Mazdaspeed 3,35000,Hot Hatch,Autoshow,C 599
Mazda,2011,RX-8 R3,27000,Asian Sports Cars,Autoshow,B 614
Mazda,2013,MX-5,26000,Asian Sports Cars,Autoshow,C 573
Mazda,2016,MX-5,35000,Asian Sports Cars,Autoshow,C 599
McLaren,1993,F1,2000000,Retro Supercars,Autoshow,S1 823
McLaren,1997,F1 GT,5200000,Retro Supercars,Autoshow,S1 862
McLaren,2013,P1,1350000,Hypercars,Autoshow,S2 981
McLaren,2015,570S Coupe,224000,Modern Supercars,Autoshow,S1 846
McLaren,2015,650S Coupe,420000,Modern Supercars,Autoshow,S1 887
Mercedes-AMG,2015,GT S,157000,Super GT,Autoshow,S1 835
Mercedes-AMG,2016,C 63 S Coupé,90000,Super Saloons,Autoshow,A 781
Mercedes-AMG,2016,C 63 S Coupé Preorder Car,90000,Super Saloons,Autoshow,A 800
Mercedes-AMG,2017,GT R,200000,Super GT,Autoshow (DLC: Logitech G Car Pack),S1 869
Mercedes-Benz,1954,300 SL Coupe,1200000,Rare Classics,Autoshow,C 525
Mercedes-Benz,1967,280 SL,115000,Classic Racers,Autoshow,D 309
Mercedes-Benz,1972,300 SEL 6.3,35000,Classic Racers,Forzathon,C 545
Mercedes-Benz,1990,190E 2.5-16 Evolution II,150000,Retro Saloons,Autoshow,B 628
Mercedes-Benz,1998,AMG CLK GTR,2000000,Retro Supercars,Autoshow,S1 844
Mercedes-Benz,2009,SL 65 AMG Black Series,210000,Super GT,Autoshow,S1 828
Mercedes-Benz,2011,SLS AMG,200000,Super GT,Autoshow,S1 824
Mercedes-Benz,2012,C 63 AMG Coupé Black Series,143000,Super Saloons,Autoshow,A 794
Mercedes-Benz,2012,C 63 AMG Coupé Black Series Horizon Edition,140000,Super Saloons,Wheelspin,S1 846
Mercedes-Benz,2012,SLK 55 AMG,78000,European Sports Cars,Autoshow,A 769
Mercedes-Benz,2013,A 45 AMG,65000,Super Hot Hatch,Autoshow,A 715
Mercedes-Benz,2013,A 45 AMG Horizon Edition,65000,Super Hot Hatch,Wheelspin,A 773
Mercedes-Benz,2013,E 63 AMG,105000,Super Saloons,Autoshow,A 778
Mercedes-Benz,2013,G 65 AMG,261000,Sports Utility Heroes,Autoshow,B 680
Mercury,1949,Coupe,45000,Rods and Customs,Autoshow,D 148
Meyers,1971,Manx,35000,Cult Classics,Barn Find,D 106
MG,1986,Metro 6R4,125000,Rally Monsters,Autoshow,S1 881
MG,1986,Metro 6R4 Horizon Edition,175000,Rally Monsters,Wheelspin,S1 900
MINI,1965,Cooper S,30000,Classic Rally,Autoshow,D 223
MINI,1965,Cooper S Horizon Edition,80000,Classic Rally,Wheelspin,C 549
MINI,2012,John Cooper Works GP,38000,Hot Hatch,Autoshow,B 618
MINI,2012,John Cooper Works GP Horizon Edition,88000,Hot Hatch,Wheelspin,A 702
MINI,2014,X-Raid All4 Racing Countryman,875000,Extreme Offroad,Autoshow,A 743
Mitsubishi,1992,Galant VR-4,25000,Retro Rally,Autoshow,C 584
Mitsubishi,1995,Eclipse GSX,25000,Asian Sports Cars,Autoshow (DLC: Mountain Dew Car Pack),C 583
Mitsubishi,1999,Lancer Evolution VI GSR,28000,Retro Rally,Autoshow,B 647
Mitsubishi,2004,Lancer Evolution VIII MR,31000,Modern Rally,Autoshow,B 665
Mitsubishi,2006,Lancer Evolution IX MR,27000,Modern Rally,Autoshow,B 639
Mitsubishi,2008,Lancer Evolution X GSR,43000,Modern Rally,Autoshow,B 650
Morgan,2014,3 Wheeler,50000,Cult Classics,Autoshow (DLC: Logitech G Car Pack),D 325
Nissan,1966,Silvia,50000,Cult Classics,Autoshow,D 186
Nissan,1969,Fairlady Z 432,150000,Cult Classics,Autoshow,D 451
Nissan,1971,Skyline 2000GT-R,60000,Cult Classics,Autoshow,D 463
Nissan,1973,Skyline H/T 2000GT-R,170000,Cult Classics,Barn Find,C 506
Nissan,1987,Skyline GTS-R (R31),100000,Asian Sports Cars,Autoshow (DLC: Rockstar Energy Car Pack),C 588
Nissan,1992,Silvia CLUB K's,25000,Asian Sports Cars,Autoshow,C 577
Nissan,1993,240SX SE,25000,Asian Sports Cars,Autoshow,C 508
Nissan,1993,Skyline GT-R V-Spec,85000,Asian Sports Cars,Barn Find,B 643
Nissan,1994,Silvia K's,25000,Asian Sports Cars,Forzathon,B 611
Nissan,1995,NISMO GT-R LM,1100000,Asian Sports Cars,Autoshow (DLC: Duracell Car Pack),A 711
Nissan,1997,Skyline GT-R V-Spec,37000,Asian Sports Cars,Autoshow,B 662
Nissan,1998,R390,730000,Retro Supercars,Autoshow,S1 855
Nissan,1998,Silvia K's AERO,25000,Asian Sports Cars,Autoshow (DLC: Alpinestars Car Pack),C 595
Nissan,2000,Silvia Spec-R,35000,Asian Sports Cars,Wheelspin,C 600
Nissan,2002,Skyline GT-R V-Spec II,63000,Asian Sports Cars,Autoshow,A 703
Nissan,2003,Fairlady Z,35000,Asian Sports Cars,Autoshow,B 645
Nissan,2010,370Z,40000,Asian Sports Cars,Autoshow,A 717
Nissan,2012,GT-R Black Edition,105000,Modern Supercars,Autoshow,S1 832
Nissan,2012,GT-R Black Edition Horizon Edition,155000,Modern Supercars,Wheelspin,S1 882
Nissan,2015,#1 NISMO MOTUL AUTECH GT-R,600000,Extreme Track Toys,Autoshow (DLC: All-Stars Car Pack),S2 970
Nissan,2016,TITAN Warrior Concept,50000,Offroad,Autoshow (DLC: Blizzard Mountain Expansion),B 689
Nissan,2017,GT-R,132000,Modern Supercars,Autoshow,S1 861
Noble,2010,M600,450000,Hypercars,Autoshow,S2 921
Oldsmobile,1969,Hurst/Olds 442,65000,Classic Muscle,Autoshow,C 530
Opel,1968,GT,25000,Cult Classics,Autoshow,D 238
Opel,1979,Kadett C GT/E,25000,Retro Hot Hatch,Autoshow,D 320
Opel,1984,Manta 400,100000,Rally Monsters,Autoshow,A 791
Pagani,2009,Zonda Cinque Roadster,2100000,Modern Supercars,Autoshow,S2 925
Pagani,2010,Zonda R,1700000,Extreme Track Toys,Autoshow (DLC: Hot Wheels Expansion),S2 978
Pagani,2012,Huayra,1300000,Hypercars,Autoshow,S2 914
Pagani,2016,Huayra BC,1500000,Hypercars,Autoshow (DLC: The Smoking Tire Car Pack),S2 970
Penhall,2011,The Cholla,100000,Buggies,Autoshow,B 667
Peugeot,1984,205 Turbo 16,200000,Rally Monsters,Autoshow,B 613
Plymouth,1958,Fury,47000,Rods and Customs,Autoshow,C 525
Plymouth,1971,Cuda 426 HEMI,160000,Classic Muscle,Autoshow,C 542
Plymouth,2000,Prowler,35000,Retro Muscle,Autoshow,C 567
Polaris,2015,RZR XP 1000 EPS,25000,Buggies,Autoshow,C 520
Polaris,2015,RZR XP 1000 EPS Horizon Edition,75000,Buggies,Wheelspin,C 524
Polaris,2015,RZR XP 1000 EPS Rockstar Edition,25000,Buggies,Autoshow,C 520
Pontiac,1965,GTO,48000,Classic Muscle,Autoshow (DLC: Logitech G Car Pack),C 515
Pontiac,1969,GTO Judge,90000,Classic Muscle,Autoshow,C 524
Pontiac,1973,Firebird Trans Am SD-455,61000,Classic Muscle,Autoshow,C 528
Pontiac,1977,Firebird Trans Am,45000,Classic Muscle,Autoshow,D 498
Pontiac,1987,Firebird Trans Am GTA,25000,Retro Muscle,Autoshow,C 529
Porsche,1955,550 Spyder,600000,Classic Racers,Autoshow (DLC: Porsche Car Pack),C 522
Porsche,1957,356A Speedster,300000,Rare Classics,Barn Find (Forzathon),D 160
Porsche,1960,718 RS 60,1000000,Classic Racers,Autoshow (DLC: Porsche Car Pack),B 684
Porsche,1970,914/6,24000,Cult Classics,Forzathon,D 365
Porsche,1973,911 Carrera RS,200000,Rare Classics,Autoshow (DLC: Porsche Car Pack),C 589
Porsche,1982,911 Turbo 3.3,38000,Retro Supercars,Forzathon,B 619
Porsche,1987,959,400000,Retro Supercars,Forzathon,A 763
Porsche,1989,944 Turbo,12000,European Sports Cars,Forzathon,B 624
Porsche,1993,928 GTS,26000,European Sports Cars,Forzathon,B 657
Porsche,1995,911 GT2,550000,Retro Supercars,Autoshow (DLC: Porsche Car Pack),A 735
Porsche,2003,Carrera GT,380000,Modern Supercars,Forzathon,S1 858
Porsche,2004,911 GT3,65000,Modern Supercars,Autoshow (DLC: Porsche Car Pack),A 791
Porsche,2011,#45 Flying Lizard 911 GT3 RSR,550000,Extreme Track Toys,Forzathon,S2 946
Porsche,2012,911 GT2 RS,240000,Modern Supercars,Forzathon,S1 876
Porsche,2012,911 GT3 RS 4.0,200000,Modern Supercars,Forzathon,S1 854
Porsche,2012,Cayenne Turbo,110000,Sports Utility Heroes,Forzathon,A 775
Porsche,2014,911 Turbo S,150000,Modern Supercars,Forzathon,S1 809
Porsche,2014,918 Spyder,850000,Hypercars,Forzathon,S2 969
Porsche,2015,Cayman GTS,80000,European Sports Cars,Forzathon,A 763
Porsche,2015,Macan Turbo,105000,Sports Utility Heroes,Forzathon,A 711
Porsche,2016,911 GT3 RS,210000,Extreme Track Toys,Autoshow (DLC: Porsche Car Pack),S2 929
Porsche,2016,Cayman GT4,85000,European Sports Cars,Autoshow (DLC: Porsche Car Pack),S1 839
Porsche,2017,Panamera Turbo,150000,Super Saloons,Autoshow (DLC: Porsche Car Pack),S1 808
Quartz,723,Regalia,475000,GT Cars,Gifted,A 702
Radical,2016,RXC Turbo,330000,Extreme Track Toys,Autoshow (DLC: Rockstar Energy Car Pack),S2 971
Ram,2013,Runner,76000,Offroad,Autoshow,B 624
Ram,2013,Runner Horizon Edition,76000,Offroad,Autoshow (DLC: Blizzard Mountain Expansion),A 720
Reliant,1972,Supervan III,35000,Cult Classics,Barn Find,D 100
Renault,1973,Alpine A110 1600s,98000,Classic Rally,Autoshow,C 515
Renault,1980,5 Turbo,66000,Rally Monsters,Autoshow,C 519
Renault,1990,Alpine GTA Le Mans,40000,Cult Classics,Autoshow (DLC: Playseat Car Pack),B 612
Renault,1993,Clio Williams,25000,Retro Hot Hatch,Autoshow,C 565
Renault,2010,Megane RS 250,30000,Super Hot Hatch,Autoshow,A 709
Renault,2013,Clio RS 200,29000,Hot Hatch,Autoshow,C 596
RJ,2016,Anderson #37 Polaris RZR-Rockstar Energy Pro 2 Truck,600000,Extreme Offroad,Autoshow (DLC: Blizzard Mountain Expansion),S1 824
Rolls-Royce,2014,Wraith,310000,GT Cars,Autoshow,A 750
Rolls-Royce,2016,Dawn,340000,GT Cars,Autoshow,A 715
Saleen,2004,S7,388000,Modern Supercars,Autoshow,S1 868
Shelby,1965,Cobra 427 S/C,2100000,Rare Classics,Autoshow,B 601
Shelby,1965,Cobra Daytona Coupe,8000000,Classic Racers,Autoshow,A 706
Spania,2016,GTA GTA Spano,800000,Modern Supercars,Autoshow (DLC: The Smoking Tire Car Pack),S2 927
Spania,2016,GTA GTA Spano Duracell Edition,800000,Modern Supercars,Autoshow (DLC: Duracell Car Pack),S2 927
SRT,2013,Viper GTS,95000,Modern Muscle,Autoshow,S1 836
SUBARU,1980,BRAT GL,25000,Vans and Utility,Autoshow,D 193
Subaru,1980,BRAT GL Horizon Edition,75000,Vans and Utility,Wheelspin,C 522
SUBARU,1990,Legacy RS,25000,Retro Rally,Autoshow,C 573
SUBARU,1996,SVX,25000,Asian Sports Cars,Autoshow,C 592
SUBARU,1998,Impreza 22B STi,110000,Retro Rally,Autoshow,B 639
Subaru,1998,Impreza 22B STi Horizon Edition,160000,Retro Rally,Wheelspin,A 760
SUBARU,2004,Impreza WRX STi,28000,Modern Rally,Autoshow,B 657
SUBARU,2005,Impreza WRX STi,33000,Modern Rally,Autoshow,B 677
SUBARU,2008,Impreza WRX STI,31000,Modern Rally,Autoshow,B 645
SUBARU,2011,WRX STI,33000,Modern Rally,Autoshow,B 651
SUBARU,2013,BRZ,32400,Asian Sports Cars,Autoshow,C 580
Subaru,2013,BRZ Horizon Edition,82000,Asian Sports Cars,Wheelspin,A 713
SUBARU,2015,WRX STI,42000,Modern Rally,Autoshow,B 658
SUBARU,2016,#75 WRX STI VT15R Rally Car,300000,Rally Monsters,Forzathon,A 800
SUBARU,2016,#199 WRX STI VT15R Rally Car,300000,Rally Monsters,Autoshow (DLC: Blizzard Mountain Expansion),A 800
Sunbeam,1967,Tiger,65000,Cult Classics,Barn Find,D 498
Talbot,1979,Sunbeam Lotus,25000,Classic Rally,Autoshow (DLC: Alpinestars Car Pack),D 379
Tamo,2017,Racemo,600000,Asian Sports Cars,Gifted,C 589
Terradyne,2014,Gurkha LAPV,450000,Offroad,Forzathon,C 504
Tesla,2015,Model S P90D with Ludicrous Mode,72000,Super Saloons,Autoshow,A 794
Toyota,1974,Celica GT,25000,Cult Classics,Autoshow,D 176
Toyota,1974,Corolla SR5,25000,Cult Classics,Autoshow,D 246
Toyota,1979,FJ40,55000,Offroad,Barn Find,D 225
Toyota,1985,Sprinter Trueno GT Apex,25000,Asian Sports Cars,Autoshow,C 544
Toyota,1992,Celica GT-Four RC ST185,25000,Retro Rally,Autoshow,C 597
Toyota,1992,Supra 2.0 GT Twin Turbo,30000,Asian Sports Cars,Autoshow (DLC: Logitech G Car Pack),C 579
Toyota,1994,Celica GT-Four ST205,25000,Retro Rally,Autoshow,B 607
Toyota,1998,Supra RZ,38000,Asian Sports Cars,Autoshow,B 693
Toyota,1998,Supra RZ Horizon Edition,88000,Asian Sports Cars,Wheelspin,A 779
Toyota,2007,Hilux Arctic Trucks AT38,55000,Extreme Offroad,Autoshow (DLC: Hot Wheels Expansion),B 647
Toyota,2013,GT86,28800,Asian Sports Cars,Autoshow,C 580
TVR,2005,Sagaris,86000,European Sports Cars,Autoshow,S1 813
Ultima,2012,GTR 720,150000,Extreme Track Toys,Autoshow,S2 964
Ultima,2015,Evolution Coupe 1020,130000,Extreme Track Toys,Autoshow (DLC: VIP),S2 998
Vauxhall,1990,Lotus Carlton,70000,Retro Saloons,Autoshow,B 666
Vauxhall,2012,Astra VXR,25000,Super Hot Hatch,Autoshow,B 648
Vauxhall,2016,Corsa VXR,28000,Hot Hatch,Autoshow (DLC: Playseat Car Pack),C 589
Volvo,1967,123GT,25000,Cult Classics,Autoshow,D 184
Volvo,1972,1800E,36000,Cult Classics,Barn Find,D 314
Volvo,1983,242 Turbo Evolution,45000,Classic Rally,Autoshow (DLC: Duracell Car Pack),C 512
Volvo,1997,850 R,25000,Retro Saloons,Autoshow,C 564
Volvo,2015,S60 Polestar,72000,Super Saloons,Autoshow,B 693
Volvo,2015,V60 Polestar,62000,Super Saloons,Autoshow (DLC: Rockstar Energy Car Pack),A 705
W,2016,Motors Lykan HyperSport,3400000,Hypercars,Autoshow,S2 919
Zenvo,2016,ST1,1000000,Hypercars,Autoshow (DLC: Hot Wheels Expansion),S2 924
